dive,height,description,degree_of_difficulty,ignore1,ignore2,ignore3,ignore4,ignore5,ignore6
001A,1M,Forward Entry Straight,1.00,16.69,24.00,147,16.51,24.00,909,
001A,3M,Forward Entry Straight,1.00,17.48,24.50,279,17.45,40.80,1866,
001A,5M,Forward Entry Straight,1.00,17.07,18.00,7,17.07,24.00,74,
001A,7M,Forward Entry Straight,1.00,0.00,0.00,0,0.00,0.00,0,
001A,10M,Forward Entry Straight,1.00,0.00,0.00,0,16.00,16.00,1,
001B,1M,Forward Entry Pike,1.00,17.11,27.00,534,16.52,46.55,4114,
001B,3M,Forward Entry Pike,1.00,17.29,26.50,682,17.05,34.20,5491,
001B,5M,Forward Entry Pike,1.00,17.89,22.00,48,17.46,25.00,328,
001B,7M,Forward Entry Pike,1.00,17.00,17.00,1,17.94,23.50,16,
001B,10M,Forward Entry Pike,1.00,0.00,0.00,0,17.90,21.50,5,
001C,1M,Forward Entry Tuck,1.00,12.60,19.50,25,14.59,25.00,246,
001C,3M,Forward Entry Tuck,1.00,16.53,23.50,273,16.26,28.00,1984,
001C,5M,Forward Entry Tuck,1.00,17.80,20.00,5,16.15,24.50,119,
001C,7M,Forward Entry Tuck,1.00,0.00,0.00,0,16.00,16.50,3,
001C,10M,Forward Entry Tuck,1.00,0.00,0.00,0,19.17,21.00,3,
001D,1M,Forward Entry Free,1.00,16.61,24.50,652,16.30,38.00,4201,
001D,3M,Forward Entry Free,1.00,17.34,25.00,1580,17.20,30.00,11328,
001D,5M,Forward Entry Free,1.00,17.33,24.00,231,16.92,25.50,1725,
001D,7M,Forward Entry Free,1.00,17.75,21.00,4,18.24,22.50,27,
001D,10M,Forward Entry Free,1.00,0.00,0.00,0,0.00,0.00,0,
002A,1M,Back Entry Straight,1.00,15.58,24.00,505,15.34,28.80,3586,
002A,3M,Back Entry Straight,1.00,16.48,25.50,482,16.19,34.20,3586,
002A,5M,Back Entry Straight,1.00,12.50,12.50,1,15.81,22.00,43,
002A,7M,Back Entry Straight,1.00,0.00,0.00,0,16.50,16.50,1,
002A,10M,Back Entry Straight,1.00,0.00,0.00,0,0.00,0.00,0,
002B,1M,Back Entry Pike,1.00,14.83,18.50,3,13.36,22.00,28,
002B,3M,Back Entry Pike,1.00,17.17,20.50,6,16.67,22.00,32,
002B,5M,Back Entry Pike,1.00,0.00,0.00,0,16.25,19.50,2,
002B,7M,Back Entry Pike,1.00,0.00,0.00,0,0.00,0.00,0,
002B,10M,Back Entry Pike,1.00,0.00,0.00,0,0.00,0.00,0,
002C,1M,Back Entry Tuck,1.00,15.95,19.00,11,14.09,20.50,132,
002C,3M,Back Entry Tuck,1.00,16.08,23.00,113,15.94,36.10,815,
002C,5M,Back Entry Tuck,1.00,17.13,20.00,8,16.90,20.00,30,
002C,7M,Back Entry Tuck,1.00,0.00,0.00,0,18.50,18.50,1,
002C,10M,Back Entry Tuck,1.00,0.00,0.00,0,0.00,0.00,0,
002D,1M,Back Entry Free,1.00,14.78,23.50,287,14.75,26.50,2459,
002D,3M,Back Entry Free,1.00,15.98,24.50,556,15.57,30.40,3976,
002D,5M,Back Entry Free,1.00,16.15,22.50,30,16.00,22.50,89,
002D,7M,Back Entry Free,1.00,0.00,0.00,0,17.50,17.50,1,
002D,10M,Back Entry Free,1.00,0.00,0.00,0,0.00,0.00,0,
100A,1M,Forward Jump Straight,1.00,17.07,26.00,1804,16.86,38.00,16058,
100A,3M,Forward Jump Straight,1.00,16.76,24.50,1621,16.69,26.50,14155,
100A,5M,Forward Jump Straight,1.00,17.25,23.00,201,17.07,27.00,1597,
100A,7M,Forward Jump Straight,1.00,16.50,20.50,6,16.89,24.00,58,
100A,10M,Forward Jump Straight,1.00,17.25,19.00,2,18.28,24.50,23,
100B,1M,Forward Jump Pike,1.00,17.29,24.50,627,16.92,24.50,3373,
100B,3M,Forward Jump Pike,1.00,16.69,25.50,558,16.92,28.80,3015,
100B,5M,Forward Jump Pike,1.00,17.61,22.50,52,17.81,26.00,310,
100B,7M,Forward Jump Pike,1.00,17.75,19.50,4,20.06,25.00,9,
100B,10M,Forward Jump Pike,1.00,0.00,0.00,0,16.50,16.50,1,
100C,1M,Forward Jump Tuck,1.00,17.03,24.50,985,16.66,35.00,6750,
100C,3M,Forward Jump Tuck,1.00,16.76,23.00,975,16.65,34.20,6236,
100C,5M,Forward Jump Tuck,1.00,17.36,24.50,76,17.10,25.00,565,
100C,7M,Forward Jump Tuck,1.00,14.75,15.50,2,17.24,24.00,33,
100C,10M,Forward Jump Tuck,1.00,16.50,16.50,1,20.10,41.40,8,
100D,1M,Forward Jump Free,1.00,16.19,20.00,24,17.96,29.00,75,
100D,3M,Forward Jump Free,1.00,16.75,21.50,19,
100B,3M,Forward Jump Pike,1.00,16.69,25.50,15,
100B,5M,Forward Jump Pike,1.00,17.61,22.50,52,
100B,7M,Forward Jump Pike,1.00,17.75,19.50,4,
100B,10M,Forward Jump Pike,1.00,0.00,0.00,0,16.50,
100C,3M,Forward Jump Tuck,1.00,16.76,23.00,975,16.65
100C,7M,Forward Jump Tuck,1.00,14.75,15.50,2,17.24,24.00,33,
100C,3M,Forward Jump Tuck,1.00,16.185,16.66,35.00,6750,
100C,7M,Forward Jump Tuck,1.00,14.75,15.50,2,17.24,24.00,33,
102A,5M,Forward 1 Somersault Straight,1.60,0.00,0.00,0,0.00,0.00,0,
102A,7M,Forward 1 Somersault Straight,1.70,0.00,0.00,0,0.00,0.00,0,
102A,10M,Forward 1 Somersault Straight,1.80,0.00,0.00,0,0.00,0.00,0,
102B,1M,Forward 1 Somersault Pike,1.50,22.56,38.25,378,21.99,40.80,2630,
102B,3M,Forward 1 Somersault Pike,1.60,25.52,33.60,12,21.99,44.40,67,
102B,5M,Forward 1 Somersault Pike,1.50,27.75,27.75,1,19.31,27.75,4,
102B,7M,Forward 1 Somersault Pike,1.60,0.00,0.00,0,27.20,27.20,1,
102B,10M,Forward 1 Somersault Pike,1.70,0.00,0.00,0,31.88,35.70,2,
102C,1M,Forward 1 Somersault Tuck,1.40,18.70,36.60,1181,18.19,36.60,8758,
102C,3M,Forward 1 Somersault Tuck,1.50,18.35,30.00,32,19.16,47.00,247,
102C,5M,Forward 1 Somersault Tuck,1.40,15.40,21.70,2,17.78,22.80,4,
102C,7M,Forward 1 Somersault Tuck,1.50,0.00,0.00,0,0.00,0.00,0,
102C,10M,Forward 1 Somersault Tuck,1.60,0.00,0.00,0,27.95,36.80,6,
103A,1M,Forward 1 1/2 Somersault Straight,2.00,25.25,42.00,4,34.80,48.00,37,
103A,3M,Forward 1 1/2 Somersault Straight,1.90,35.78,52.25,3,32.60,52.25,52,
103A,5M,Forward 1 1/2 Somersault Straight,2.00,0.00,0.00,0,0.00,0.00,0,
103A,7M,Forward 1 1/2 Somersault Straight,1.90,0.00,0.00,0,0.00,0.00,0,
103A,10M,Forward 1 1/2 Somersault Straight,1.90,0.00,0.00,0,33.25,33.25,1,
103B,1M,Forward 1 1/2 Somersault Pike,1.70,30.56,51.60,9135,30.11,55.20,75098,
103B,3M,Forward 1 1/2 Somersault Pike,1.60,28.89,52.20,8359,28.42,69.00,70662,
103B,5M,Forward 1 1/2 Somersault Pike,1.70,29.69,43.35,1213,29.02,54.60,8677,
103B,7M,Forward 1 1/2 Somersault Pike,1.60,30.62,43.20,641,30.67,50.40,5138,
103B,10M,Forward 1 1/2 Somersault Pike,1.60,34.31,55.80,665,35.53,57.60,6340,
103C,1M,Forward 1 1/2 Somersault Tuck,1.60,24.13,48.00,3567,23.84,48.00,27977,
103C,3M,Forward 1 1/2 Somersault Tuck,1.50,22.29,43.00,1430,22.14,62.00,11245,
103C,5M,Forward 1 1/2 Somersault Tuck,1.60,24.99,37.60,201,25.08,40.00,1355,
103C,7M,Forward 1 1/2 Somersault Tuck,1.50,29.86,40.50,11,28.89,41.25,82,
103C,10M,Forward 1 1/2 Somersault Tuck,1.50,32.63,34.50,2,31.91,50.40,81,
104A,1M,Forward 2 Somersault Straight,2.60,0.00,0.00,1,7.80,15.60,2,
104A,3M,Forward 2 Somersault Straight,2.40,0.00,0.00,0,34.80,34.80,1,
104A,5M,Forward 2 Somersault Straight,2.60,0.00,0.00,0,0.00,0.00,0,
104A,7M,Forward 2 Somersault Straight,2.40,0.00,0.00,0,0.00,0.00,0,
104A,10M,Forward 2 Somersault Straight,2.50,0.00,0.00,0,0.00,0.00,0,
104B,1M,Forward 2 Somersault Pike,2.30,36.26,57.50,1960,35.80,65.55,12841,
104B,3M,Forward 2 Somersault Pike,2.10,37.73,48.30,14,32.33,56.70,204,
104B,5M,Forward 2 Somersault Pike,2.30,0.00,0.00,0,0.00,0.00,0,
104B,7M,Forward 2 Somersault Pike,2.10,0.00,0.00,0,0.00,0.00,1,
104B,10M,Forward 2 Somersault Pike,2.20,0.00,0.00,0,0.00,0.00,0,
104C,1M,Forward 2 Somersault Tuck,2.20,30.95,53.90,5011,31.09,62.70,41217,
104C,3M,Forward 2 Somersault Tuck,2.00,26.58,34.00,12,28.81,48.00,69,
104C,5M,Forward 2 Somersault Tuck,2.20,0.00,0.00,0,21.63,34.10,3,
104C,7M,Forward 2 Somersault Tuck,2.00,0.00,0.00,0,0.00,0.00,0,
104C,10M,Forward 2 Somersault Tuck,2.10,0.00,0.00,0,36.75,47.25,3,
105A,3M,Forward 2 1/2 Somersault Straight,2.80,0.00,0.00,0,56.00,56.00,1,
105A,10M,Forward 2 1/2 Somersault Straight,2.70,0.00,0.00,0,0.00,0.00,0,
105B,1M,Forward 2 1/2 Somersault Pike,2.60,47.36,70.20,5459,46.87,78.00,37559,
105B,3M,Forward 2 1/2 Somersault Pike,2.40,42.68,64.80,8218,42.17,68.40,58400,
105B,5M,Forward 2 1/2 Somersault Pike,2.60,43.56,63.70,689,43.76,70.20,4260,
105B,7M,Forward 2 1/2 Somersault Pike,2.40,42.07,64.80,999,41.99,68.40,6845,
105B,10M,Forward 2 1/2 Somersault Pike,2.30,43.05,59.80,32,41.93,65.55,291,
105C,1M,Forward 2 1/2 Somersault Tuck,2.40,37.23,61.20,4885,36.73,67.20,35470,
105C,3M,Forward 2 1/2 Somersault Tuck,2.20,33.56,55.50,2517,32.95,71.50,20400,
105C,5M,Forward 2 1/2 Somersault Tuck,2.40,36.33,58.80,891,35.92,63.60,6019,
105C,7M,Forward 2 1/2 Somersault Tuck,2.20,38.62,53.90,27,35.96,58.30,269,
105C,10M,Forward 2 1/2 Somersault Tuck,2.10,33.60,45.15,2,39.39,56.70,10,
106B,1M,Forward 3 Somersault Pike,3.20,0.00,0.00,0,0.00,0.00,0,
106B,3M,Forward 3 Somersault Pike,2.80,0.00,0.00,0,0.00,0.00,0,
106B,5M,Forward 3 Somersault Pike,3.20,0.00,0.00,0,0.00,0.00,0,
106B,7M,Forward 3 Somersault Pike,2.80,0.00,0.00,0,0.00,0.00,0,
106B,10M,Forward 3 Somersault Pike,3.00,0.00,0.00,0,0.00,0.00,0,
106C,1M,Forward 3 Somersault Tuck,2.90,38.72,52.20,10,40.32,55.10,50,
106C,3M,Forward 3 Somersault Tuck,2.50,0.00,0.00,0,51.88,61.25,2,
106C,5M,Forward 3 Somersault Tuck,2.90,0.00,0.00,0,0.00,0.00,0,
106C,7M,Forward 3 Somersault Tuck,2.50,0.00,0.00,0,0.00,0.00,0,
106C,10M,Forward 3 Somersault Tuck,2.70,0.00,0.00,0,0.00,0.00,0,
107B,1M,Forward 3 1/2 Somersault Pike,3.30,57.68,75.90,33,55.84,87.45,125,
107B,3M,Forward 3 1/2 Somersault Pike,3.10,57.51,93.00,2168,58.42,93.00,15137,
107B,7M,Forward 3 1/2 Somersault Pike,3.10,0.00,0.00,0,54.84,69.75,12,
107B,10M,Forward 3 1/2 Somersault Pike,3.00,57.12,90.00,1148,57.74,90.00,9534,
107C,1M,Forward 3 1/2 Somersault Tuck,3.00,51.36,82.50,787,51.78,85.50,4562,
107C,3M,Forward 3 1/2 Somersault Tuck,2.80,45.24,75.60,2693,44.45,82.60,17808,
107C,5M,Forward 3 1/2 Somersault Tuck,3.00,0.00,0.00,0,58.50,60.00,2,
107C,7M,Forward 3 1/2 Somersault Tuck,2.80,51.27,74.20,77,49.28,75.60,440,
107C,10M,Forward 3 1/2 Somersault Tuck,2.70,47.45,70.20,400,46.91,79.65,3801,
108B,3M,Forward 4 Somersault Pike,3.80,0.00,0.00,0,0.00,0.00,0,
108B,10M,Forward 4 Somersault Pike,4.10,0.00,0.00,0,0.00,0.00,0,
108C,1M,Forward 4 Somersault Tuck,4.00,0.00,0.00,0,0.00,0.00,0,
108C,3M,Forward 4 Somersault Tuck,3.40,0.00,0.00,0,0.00,0.00,0,
108C,10M,Forward 4 Somersault Tuck,3.70,0.00,0.00,0,0.00,0.00,0,
109B,3M,Forward 4 1/2 Somersault Pike,4.20,0.00,0.00,0,27.30,35.70,2,
109B,10M,Forward 4 1/2 Somersault Pike,4.10,32.80,32.80,1,78.67,110.70,8,
109C,1M,Forward 4 1/2 Somersault Tuck,4.30,0.00,0.00,0,0.00,0.00,0,
109C,3M,Forward 4 1/2 Somersault Tuck,3.80,66.99,104.50,227,67.68,108.30,927,
109C,10M,Forward 4 1/2 Somersault Tuck,3.70,67.38,98.05,121,71.90,111.00,777,
112B,1M,Forward Flying 1 Somersault Pike,1.70,0.00,0.00,0,24.65,24.65,1,
112B,3M,Forward Flying 1 Somersault Pike,1.80,0.00,0.00,0,35.10,43.20,3,
112B,5M,Forward Flying 1 Somersault Pike,1.70,0.00,0.00,0,24.65,24.65,1,
112B,7M,Forward Flying 1 Somersault Pike,1.80,0.00,0.00,0,0.00,0.00,0,
112B,10M,Forward Flying 1 Somersault Pike,1.90,0.00,0.00,0,33.99,50.35,4,
112C,1M,Forward Flying 1 Somersault Tuck,1.60,4.80,9.60,2,20.40,45.60,12,
112C,3M,Forward Flying 1 Somersault Tuck,1.70,38.25,38.25,1,28.95,42.50,9,
112C,5M,Forward Flying 1 Somersault Tuck,1.60,28.40,29.60,2,32.00,36.00,5,
112C,7M,Forward Flying 1 Somersault Tuck,1.70,0.00,0.00,0,0.00,0.00,0,
112C,10M,Forward Flying 1 Somersault Tuck,1.80,34.73,46.20,8,39.60,49.20,27,
113B,1M,Forward Flying 1 1/2 Somersault Pike,1.90,35.69,42.75,7,35.00,50.35,45,
113B,3M,Forward Flying 1 1/2 Somersault Pike,1.80,37.83,45.60,10,36.11,46.80,102,
113B,5M,Forward Flying 1 1/2 Somersault Pike,1.90,0.00,0.00,0,39.37,47.50,8,
113B,7M,Forward Flying 1 1/2 Somersault Pike,1.80,0.00,0.00,0,37.20,41.40,6,
113B,10M,Forward Flying 1 1/2 Somersault Pike,1.80,34.43,48.60,4,38.44,48.60,24,
113C,1M,Forward Flying 1 1/2 Somersault Tuck,1.80,36.45,36.90,2,31.65,42.30,12,
113C,3M,Forward Flying 1 1/2 Somersault Tuck,1.70,35.43,39.95,5,28.22,43.35,12,
113C,5M,Forward Flying 1 1/2 Somersault Tuck,1.80,0.00,0.00,0,0.00,0.00,0,
113C,7M,Forward Flying 1 1/2 Somersault Tuck,1.70,0.00,0.00,0,0.00,0.00,0,
113C,10M,Forward Flying 1 1/2 Somersault Tuck,1.70,0.00,0.00,0,0.00,0.00,0,
114B,5M,Forward Flying 2 Somersault Pike,2.50,0.00,0.00,0,0.00,0.00,0,
114B,7M,Forward Flying 2 Somersault Pike,2.30,0.00,0.00,0,0.00,0.00,0,
114B,10M,Forward Flying 2 Somersault Pike,2.40,0.00,0.00,0,0.00,0.00,0,
114C,5M,Forward Flying 2 Somersault Tuck,2.40,0.00,0.00,0,0.00,0.00,0,
114C,7M,Forward Flying 2 Somersault Tuck,2.20,0.00,0.00,0,0.00,0.00,0,
114C,10M,Forward Flying 2 Somersault Tuck,2.30,0.00,0.00,0,0.00,0.00,0,
115B,3M,Forward Flying 2 1/2 Somersault Pike,2.70,0.00,0.00,0,0.00,0.00,0,
115B,10M,Forward Flying 2 1/2 Somersault Pike,2.60,0.00,0.00,0,0.00,0.00,0,
115C,3M,Forward Flying 2 1/2 Somersault Tuck,2.50,0.00,0.00,0,29.38,35.00,2,
115C,7M,Forward Flying 2 1/2 Somersault Tuck,2.50,0.00,0.00,0,0.00,0.00,0,
115C,10M,Forward Flying 2 1/2 Somersault Tuck,2.40,0.00,0.00,0,0.00,0.00,0,
200A,1M,Back Jump Straight,1.00,16.95,26.50,1820,16.88,27.00,15692,
200A,3M,Back Jump Straight,1.00,16.54,26.50,1642,16.50,37.20,13584,
200A,5M,Back Jump Straight,1.00,17.49,24.00,62,16.52,25.50,781,
200A,7M,Back Jump Straight,1.00,17.50,21.00,3,17.28,23.00,18,
200A,10M,Back Jump Straight,1.00,18.50,18.50,1,18.14,37.20,10,
200B,1M,Back Jump Pike,1.00,17.48,25.00,349,17.14,25.00,1412,
200B,3M,Back Jump Pike,1.00,16.79,24.50,229,17.06,26.50,1001,
200B,5M,Back Jump Pike,1.00,16.31,19.00,8,16.69,22.00,31,
200B,7M,Back Jump Pike,1.00,13.50,13.50,1,13.50,13.50,1,
200B,10M,Back Jump Pike,1.00,0.00,0.00,0,0.00,0.00,0,
200C,1M,Back Jump Tuck,1.00,17.12,24.00,786,16.89,37.05,5448,
200C,3M,Back Jump Tuck,1.00,16.54,26.00,770,16.57,33.60,5054,
200C,5M,Back Jump Tuck,1.00,18.00,24.00,22,17.06,28.50,198,
200C,7M,Back Jump Tuck,1.00,19.17,20.00,3,17.71,21.50,14,
200C,10M,Back Jump Tuck,1.00,0.00,0.00,0,0.00,0.00,0,
200D,1M,Back Jump Free,1.00,18.50,21.00,7,18.81,30.00,54,
200D,3M,Back Jump Free,1.00,16.03,21.50,15,19.12,29.00,53,
200D,5M,Back Jump Free,1.00,16.67,18.50,3,17.08,19.50,6,
200D,7M,Back Jump Free,1.00,0.00,0.00,0,0.00,0.00,0,
200D,10M,Back Jump Free,1.00,0.00,0.00,0,0.00,0.00,0,
201A,1M,Back Dive Straight,1.70,25.14,51.00,2579,25.21,57.00,20785,
201A,3M,Back Dive Straight,1.90,30.08,51.30,674,29.87,54.15,6109,
201A,5M,Back Dive Straight,1.70,28.37,40.80,39,28.19,45.05,234,
201A,7M,Back Dive Straight,1.90,35.47,37.05,3,30.64,42.75,8,
201A,10M,Back Dive Straight,1.90,0.00,0.00,0,31.83,42.75,6,
201B,1M,Back Dive Pike,1.60,29.15,52.80,6263,28.40,54.60,53250,
201B,3M,Back Dive Pike,1.80,33.30,54.60,5773,32.61,65.00,48100,
201B,5M,Back Dive Pike,1.60,28.49,48.00,542,27.59,48.00,3362,
201B,7M,Back Dive Pike,1.80,33.11,45.90,164,33.27,51.30,871,
201B,10M,Back Dive Pike,1.80,40.09,58.20,170,40.31,58.20,932,
201C,1M,Back Dive Tuck,1.50,24.07,45.00,4483,23.46,49.00,35532,
201C,3M,Back Dive Tuck,1.70,27.58,47.00,3212,26.93,61.00,25785,
201C,5M,Back Dive Tuck,1.50,25.21,45.60,811,24.49,45.60,5165,
201C,7M,Back Dive Tuck,1.70,29.11,35.70,12,29.84,45.90,210,
201C,10M,Back Dive Tuck,1.70,38.25,38.25,1,35.85,55.20,48,
202A,1M,Back 1 Somersault Straight,1.70,25.04,42.50,1066,24.79,44.40,6877,
202A,3M,Back 1 Somersault Straight,1.80,26.35,45.90,267,25.24,50.40,2282,
202A,5M,Back 1 Somersault Straight,1.70,25.52,36.55,45,24.49,41.65,243,
202A,7M,Back 1 Somersault Straight,1.80,0.00,0.00,0,37.71,48.60,19,
202A,10M,Back 1 Somersault Straight,1.90,38.95,47.50,5,36.13,48.45,34,
202B,1M,Back 1 Somersault Pike,1.60,22.15,36.00,165,22.35,39.10,1336,
202B,3M,Back 1 Somersault Pike,1.70,25.29,35.70,29,22.96,35.70,222,
202B,5M,Back 1 Somersault Pike,1.60,31.60,34.40,2,24.06,34.40,14,
202B,7M,Back 1 Somersault Pike,1.70,0.00,0.00,0,0.00,0.00,1,
202B,10M,Back 1 Somersault Pike,1.80,0.00,0.00,0,0.00,0.00,0,
202C,1M,Back 1 Somersault Tuck,1.50,20.60,36.00,1668,20.29,41.40,12052,
202C,3M,Back 1 Somersault Tuck,1.60,21.83,33.60,283,21.29,38.40,2147,
202C,5M,Back 1 Somersault Tuck,1.50,25.83,36.00,36,21.52,39.00,123,
202C,7M,Back 1 Somersault Tuck,1.60,0.00,0.00,0,36.67,43.20,6,
202C,10M,Back 1 Somersault Tuck,1.70,0.00,0.00,0,32.61,40.80,23,
203A,1M,Back 1 1/2 Somersault Straight,2.50,36.97,52.50,69,38.17,61.88,493,
203A,3M,Back 1 1/2 Somersault Straight,2.40,37.25,60.00,1219,36.02,63.60,10595,
203A,5M,Back 1 1/2 Somersault Straight,2.50,34.04,45.00,15,34.24,55.00,59,
203A,7M,Back 1 1/2 Somersault Straight,2.40,35.45,50.40,11,38.40,55.20,136,
203A,10M,Back 1 1/2 Somersault Straight,2.40,0.00,0.00,0,39.94,45.60,7,
203B,1M,Back 1 1/2 Somersault Pike,2.30,39.26,62.10,8166,38.36,66.70,60208,
203B,3M,Back 1 1/2 Somersault Pike,2.20,33.14,55.00,1119,32.25,55.00,8104,
203B,5M,Back 1 1/2 Somersault Pike,2.30,37.23,56.35,844,36.80,58.65,4868,
203B,7M,Back 1 1/2 Somersault Pike,2.20,0.00,0.00,0,39.60,39.60,1,
203B,10M,Back 1 1/2 Somersault Pike,2.20,0.00,0.00,0,37.40,46.20,3,
203C,1M,Back 1 1/2 Somersault Tuck,2.00,29.29,53.00,4624,28.46,53.00,35902,
203C,3M,Back 1 1/2 Somersault Tuck,1.90,28.10,50.35,1098,27.00,51.30,6756,
203C,5M,Back 1 1/2 Somersault Tuck,2.00,31.01,47.00,217,30.69,54.00,1264,
203C,7M,Back 1 1/2 Somersault Tuck,1.90,0.00,0.00,0,18.05,18.05,1,
203C,10M,Back 1 1/2 Somersault Tuck,1.90,31.35,31.35,1,31.35,31.35,1,
204A,3M,Back 2 Somersault Straight,2.50,37.75,45.00,5,37.58,52.50,15,
204A,7M,Back 2 Somersault Straight,2.50,0.00,0.00,0,0.00,0.00,0,
204A,10M,Back 2 Somersault Straight,2.60,0.00,0.00,0,0.00,0.00,0,
204B,1M,Back 2 Somersault Pike,2.50,36.19,57.50,41,36.29,57.50,202,
204B,3M,Back 2 Somersault Pike,2.30,30.99,40.25,16,35.26,55.89,68,
204B,5M,Back 2 Somersault Pike,2.50,40.00,40.00,1,35.03,41.25,15,
204B,7M,Back 2 Somersault Pike,2.30,0.00,0.00,0,0.00,0.00,0,
204B,10M,Back 2 Somersault Pike,2.40,0.00,0.00,0,22.32,22.32,2,
204C,1M,Back 2 Somersault Tuck,2.20,28.00,59.40,393,28.40,66.00,1897,
204C,3M,Back 2 Somersault Tuck,2.00,28.28,43.00,50,27.91,48.00,362,
204C,5M,Back 2 Somersault Tuck,2.20,31.02,44.00,5,32.26,49.50,37,
204C,7M,Back 2 Somersault Tuck,2.00,0.00,0.00,0,37.33,45.00,3,
204C,10M,Back 2 Somersault Tuck,2.10,33.95,49.35,3,34.86,49.35,5,
205A,10M,Back 2 1/2 Somersault Straight,3.30,0.00,0.00,0,0.00,0.00,0,
205B,1M,Back 2 1/2 Somersault Pike,3.20,53.33,62.40,3,43.62,76.80,38,
205B,3M,Back 2 1/2 Somersault Pike,3.00,51.63,84.00,3269,51.88,90.00,23419,
205B,5M,Back 2 1/2 Somersault Pike,3.20,64.23,75.20,7,54.48,86.40,90,
205B,7M,Back 2 1/2 Somersault Pike,3.00,47.79,69.00,51,48.57,75.00,259,
205B,10M,Back 2 1/2 Somersault Pike,2.90,50.29,84.10,422,49.69,87.00,3905,
205C,1M,Back 2 1/2 Somersault Tuck,3.00,48.23,78.00,1240,47.85,87.75,8357,
205C,3M,Back 2 1/2 Somersault Tuck,2.80,43.17,74.20,5592,42.40,79.80,40712,
205C,5M,Back 2 1/2 Somersault Tuck,3.00,47.12,76.50,706,46.98,87.00,4906,
205C,7M,Back 2 1/2 Somersault Tuck,2.80,45.37,75.60,189,44.36,75.60,1365,
205C,10M,Back 2 1/2 Somersault Tuck,2.70,45.68,54.00,3,46.60,60.75,30,
206B,1M,Back 3 Somersault Pike,3.20,0.00,0.00,0,0.00,0.00,0,
206B,3M,Back 3 Somersault Pike,2.80,0.00,0.00,0,0.00,0.00,0,
206B,5M,Back 3 Somersault Pike,3.20,0.00,0.00,0,0.00,0.00,0,
206B,7M,Back 3 Somersault Pike,2.80,0.00,0.00,0,59.08,69.72,3,
206B,10M,Back 3 Somersault Pike,3.00,0.00,0.00,0,0.00,0.00,0,
206C,1M,Back 3 Somersault Tuck,2.90,0.00,0.00,0,32.63,32.63,1,
206C,3M,Back 3 Somersault Tuck,2.50,0.00,0.00,0,39.17,41.25,3,
206C,5M,Back 3 Somersault Tuck,2.90,0.00,0.00,0,0.00,0.00,0,
206C,7M,Back 3 Somersault Tuck,2.50,0.00,0.00,0,33.75,33.75,1,
206C,10M,Back 3 Somersault Tuck,2.70,0.00,0.00,0,0.00,0.00,0,
207B,3M,Back 3 1/2 Somersault Pike,3.90,0.00,0.00,0,0.00,0.00,0,
207B,10M,Back 3 1/2 Somersault Pike,3.60,58.76,90.00,50,72.62,108.00,643,
207C,3M,Back 3 1/2 Somersault Tuck,3.60,60.09,99.00,67,56.38,99.00,341,
207C,7M,Back 3 1/2 Somersault Tuck,3.50,0.00,0.00,0,54.70,73.10,4,
207C,10M,Back 3 1/2 Somersault Tuck,3.30,58.02,99.00,569,59.76,99.00,4934,
208B,3M,Back 4 Somersault Pike,3.70,0.00,0.00,0,0.00,0.00,0,
208B,5M,Back 4 Somersault Pike,4.10,0.00,0.00,0,0.00,0.00,0,
208B,7M,Back 4 Somersault Pike,4.20,0.00,0.00,0,0.00,0.00,0,
208B,10M,Back 4 Somersault Pike,4.10,0.00,0.00,0,0.00,0.00,0,
208C,3M,Back 4 Somersault Tuck,3.40,0.00,0.00,0,0.00,0.00,0,
208C,5M,Back 4 Somersault Tuck,4.10,0.00,0.00,0,0.00,0.00,0,
208C,7M,Back 4 Somersault Tuck,3.90,0.00,0.00,0,0.00,0.00,0,
208C,10M,Back 4 Somersault Tuck,3.80,0.00,0.00,0,0.00,0.00,0,
209B,3M,Back 4 1/2 Somersault Pike,4.70,0.00,0.00,0,0.00,0.00,0,
209B,10M,Back 4 1/2 Somersault Pike,4.50,0.00,0.00,0,0.00,0.00,2,
209C,3M,Back 4 1/2 Somersault Tuck,4.40,0.00,0.00,0,0.00,0.00,0,
209C,10M,Back 4 1/2 Somersault Tuck,4.20,0.00,0.00,0,0.00,0.00,0,
212B,1M,Back Flying 1 Somersault Pike,1.70,25.50,29.75,3,25.22,38.25,15,
212B,3M,Back Flying 1 Somersault Pike,1.80,0.00,0.00,0,32.36,44.10,10,
212B,5M,Back Flying 1 Somersault Pike,1.70,0.00,0.00,0,25.93,39.10,10,
212B,7M,Back Flying 1 Somersault Pike,1.80,0.00,0.00,0,0.00,0.00,0,
212B,10M,Back Flying 1 Somersault Pike,1.90,0.00,0.00,0,34.62,44.65,15,
212C,1M,Back Flying 1 Somersault Tuck,1.60,21.60,28.80,2,23.08,29.60,13,
212C,3M,Back Flying 1 Somersault Tuck,1.70,18.56,24.65,6,25.38,37.20,21,
212C,5M,Back Flying 1 Somersault Tuck,1.60,31.60,33.60,2,27.90,33.60,8,
212C,7M,Back Flying 1 Somersault Tuck,1.70,34.85,34.85,1,34.00,34.85,2,
212C,10M,Back Flying 1 Somersault Tuck,1.80,40.28,45.00,4,35.94,45.00,14,
213B,5M,Back Flying 1 1/2 Somersault Pike,2.50,0.00,0.00,0,0.00,0.00,0,
213B,7M,Back Flying 1 1/2 Somersault Pike,2.40,0.00,0.00,0,0.00,0.00,0,
213B,10M,Back Flying 1 1/2 Somersault Pike,2.40,0.00,0.00,0,0.00,0.00,0,
213C,1M,Back Flying 1 1/2 Somersault Tuck,2.20,0.00,0.00,0,0.00,0.00,0,
213C,3M,Back Flying 1 1/2 Somersault Tuck,2.10,0.00,0.00,0,37.05,44.10,7,
213C,5M,Back Flying 1 1/2 Somersault Tuck,2.20,0.00,0.00,0,0.00,0.00,0,
213C,7M,Back Flying 1 1/2 Somersault Tuck,2.10,0.00,0.00,0,0.00,0.00,0,
213C,10M,Back Flying 1 1/2 Somersault Tuck,2.10,0.00,0.00,0,0.00,0.00,0,
214C,1M,Back Flying 2 Somersault Tuck,2.40,0.00,0.00,0,0.00,0.00,0,
214C,3M,Back Flying 2 Somersault Tuck,2.20,0.00,0.00,0,0.00,0.00,0,
214C,5M,Back Flying 2 Somersault Tuck,2.40,0.00,0.00,0,0.00,0.00,0,
214C,7M,Back Flying 2 Somersault Tuck,2.20,0.00,0.00,0,0.00,0.00,0,
214C,10M,Back Flying 2 Somersault Tuck,2.30,0.00,0.00,0,49.45,49.45,1,
215B,3M,Back Flying 2 1/2 Somersault Pike,3.30,0.00,0.00,0,0.00,0.00,0,
215C,3M,Back Flying 2 1/2 Somersault Tuck,3.10,0.00,0.00,0,0.00,0.00,0,
300A,1M,Reverse Jump Straight,1.00,14.40,20.00,5,15.31,20.00,16,
300A,3M,Reverse Jump Straight,1.00,15.88,22.00,17,15.21,23.50,68,
300A,5M,Reverse Jump Straight,1.00,0.00,0.00,0,0.00,0.00,0,
300A,7M,Reverse Jump Straight,1.00,0.00,0.00,0,0.00,0.00,0,
300A,10M,Reverse Jump Straight,1.00,0.00,0.00,0,0.00,0.00,0,
300B,1M,Reverse Jump Pike,1.00,0.00,0.00,0,18.75,21.50,4,
300B,3M,Reverse Jump Pike,1.00,16.50,20.00,3,16.00,20.00,7,
300B,5M,Reverse Jump Pike,1.00,0.00,0.00,0,0.00,0.00,0,
300B,7M,Reverse Jump Pike,1.00,0.00,0.00,0,0.00,0.00,0,
300B,10M,Reverse Jump Pike,1.00,0.00,0.00,0,0.00,0.00,0,
300C,1M,Reverse Jump Tuck,1.00,18.80,21.00,4,18.13,21.00,9,
300C,3M,Reverse Jump Tuck,1.00,15.31,21.00,16,15.45,21.00,39,
300C,5M,Reverse Jump Tuck,1.00,0.00,0.00,0,0.00,0.00,0,
300C,7M,Reverse Jump Tuck,1.00,0.00,0.00,0,0.00,0.00,0,
300C,10M,Reverse Jump Tuck,1.00,0.00,0.00,0,0.00,0.00,0,
300D,1M,Reverse Jump Free,1.00,0.00,0.00,0,0.00,0.00,0,
300D,3M,Reverse Jump Free,1.00,0.00,0.00,0,0.00,0.00,0,
300D,5M,Reverse Jump Free,1.00,0.00,0.00,0,0.00,0.00,0,
300D,7M,Reverse Jump Free,1.00,0.00,0.00,0,0.00,0.00,0,
300D,10M,Reverse Jump Free,1.00,0.00,0.00,0,0.00,0.00,0,
301A,1M,Reverse Dive Straight,1.80,28.26,48.60,480,29.41,54.00,4594,
301A,3M,Reverse Dive Straight,2.00,35.38,60.00,309,34.83,60.00,2914,
301A,5M,Reverse Dive Straight,1.80,32.67,43.20,18,34.10,48.60,71,
301A,7M,Reverse Dive Straight,2.00,39.32,55.00,17,39.46,57.00,64,
301A,10M,Reverse Dive Straight,2.00,34.40,42.00,8,40.76,55.00,50,
301B,1M,Reverse Dive Pike,1.70,30.26,52.80,5297,29.75,52.80,45288,
301B,3M,Reverse Dive Pike,1.90,34.21,55.10,5312,33.62,56.05,43315,
301B,5M,Reverse Dive Pike,1.70,29.78,50.00,475,29.24,50.00,3298,
301B,7M,Reverse Dive Pike,1.90,34.72,48.45,348,35.24,55.10,2834,
301B,10M,Reverse Dive Pike,1.90,40.45,53.20,343,40.42,57.60,3674,
301C,1M,Reverse Dive Tuck,1.60,24.57,45.00,5582,24.05,51.60,42978,
301C,3M,Reverse Dive Tuck,1.80,28.15,49.00,3816,27.45,62.10,30814,
301C,5M,Reverse Dive Tuck,1.60,26.28,44.40,1183,25.46,45.60,7369,
301C,7M,Reverse Dive Tuck,1.80,31.07,44.10,55,31.45,49.50,675,
301C,10M,Reverse Dive Tuck,1.80,36.30,45.00,3,35.35,47.70,85,
302A,1M,Reverse 1 Somersault Straight,1.80,20.80,36.90,14,23.38,43.74,69,
302A,3M,Reverse 1 Somersault Straight,1.90,22.04,32.30,15,23.60,34.20,68,
302A,5M,Reverse 1 Somersault Straight,1.80,0.00,0.00,0,0.00,0.00,0,
302A,7M,Reverse 1 Somersault Straight,1.90,0.00,0.00,0,0.00,0.00,0,
302A,10M,Reverse 1 Somersault Straight,2.00,0.00,0.00,0,39.40,48.00,15,
302B,1M,Reverse 1 Somersault Pike,1.70,25.57,45.60,121,25.51,49.20,680,
302B,3M,Reverse 1 Somersault Pike,1.80,26.56,37.80,45,26.17,40.50,317,
302B,5M,Reverse 1 Somersault Pike,1.70,18.13,22.10,3,19.48,28.05,12,
302B,7M,Reverse 1 Somersault Pike,1.80,0.00,0.00,0,0.00,0.00,0,
302B,10M,Reverse 1 Somersault Pike,1.90,0.00,0.00,0,0.00,0.00,0,
302C,1M,Reverse 1 Somersault Tuck,1.60,22.76,40.00,2354,22.52,40.00,16987,
302C,3M,Reverse 1 Somersault Tuck,1.70,24.24,41.65,942,23.75,42.00,8828,
302C,5M,Reverse 1 Somersault Tuck,1.60,24.36,35.40,106,23.12,39.60,803,
302C,7M,Reverse 1 Somersault Tuck,1.70,0.00,0.00,0,35.12,48.45,22,
302C,10M,Reverse 1 Somersault Tuck,1.80,33.00,38.70,6,35.32,49.50,67,
303A,1M,Reverse 1 1/2 Somersault Straight,2.70,0.00,0.00,0,46.76,67.50,11,
303A,3M,Reverse 1 1/2 Somersault Straight,2.60,43.83,56.55,32,40.67,68.90,146,
303A,5M,Reverse 1 1/2 Somersault Straight,2.70,0.00,0.00,0,0.00,0.00,0,
303A,7M,Reverse 1 1/2 Somersault Straight,2.60,0.00,0.00,0,0.00,0.00,0,
303A,10M,Reverse 1 1/2 Somersault Straight,2.60,0.00,0.00,0,0.00,0.00,0,
303B,1M,Reverse 1 1/2 Somersault Pike,2.40,40.60,64.80,3944,39.70,68.40,26750,
303B,3M,Reverse 1 1/2 Somersault Pike,2.30,33.43,52.90,920,33.19,58.65,5404,
303B,5M,Reverse 1 1/2 Somersault Pike,2.40,34.73,44.40,8,42.39,64.80,172,
303B,7M,Reverse 1 1/2 Somersault Pike,2.30,0.00,0.00,0,0.00,0.00,0,
303B,10M,Reverse 1 1/2 Somersault Pike,2.30,0.00,0.00,0,0.00,0.00,0,
303C,1M,Reverse 1 1/2 Somersault Tuck,2.10,31.11,53.55,4787,30.80,56.70,34846,
303C,3M,Reverse 1 1/2 Somersault Tuck,2.00,29.28,55.00,1789,28.41,56.00,12301,
303C,5M,Reverse 1 1/2 Somersault Tuck,2.10,34.20,50.40,760,33.67,58.80,4578,
303C,7M,Reverse 1 1/2 Somersault Tuck,2.00,31.00,31.00,1,24.30,50.00,10,
303C,10M,Reverse 1 1/2 Somersault Tuck,2.00,0.00,0.00,0,35.40,47.00,5,
304A,1M,Reverse 2 Somersault Straight,2.90,0.00,0.00,0,0.00,0.00,0,
304A,3M,Reverse 2 Somersault Straight,2.70,0.00,0.00,0,0.00,0.00,0,
304A,5M,Reverse 2 Somersault Straight,2.90,0.00,0.00,0,0.00,0.00,0,
304A,7M,Reverse 2 Somersault Straight,2.70,0.00,0.00,0,0.00,0.00,0,
304A,10M,Reverse 2 Somersault Straight,2.80,0.00,0.00,0,0.00,0.00,0,
304B,1M,Reverse 2 Somersault Pike,2.60,30.12,40.95,3,32.88,56.16,22,
304B,3M,Reverse 2 Somersault Pike,2.40,43.50,46.80,4,31.50,46.80,16,
304B,5M,Reverse 2 Somersault Pike,2.60,0.00,0.00,0,45.50,45.50,1,
304B,7M,Reverse 2 Somersault Pike,2.40,0.00,0.00,0,0.00,0.00,0,
304B,10M,Reverse 2 Somersault Pike,2.50,0.00,0.00,0,26.50,39.75,3,
304C,1M,Reverse 2 Somersault Tuck,2.30,29.10,49.45,251,29.14,54.05,1292,
304C,3M,Reverse 2 Somersault Tuck,2.10,28.83,46.20,154,28.94,48.30,928,
304C,5M,Reverse 2 Somersault Tuck,2.30,29.90,39.10,11,29.16,40.25,82,
304C,7M,Reverse 2 Somersault Tuck,2.10,40.95,45.15,4,35.88,45.15,6,
304C,10M,Reverse 2 Somersault Tuck,2.20,39.60,44.00,2,37.95,47.30,4,
305A,3M,Reverse 2 1/2 Somersault Straight,3.40,0.00,0.00,0,0.00,0.00,0,
305A,7M,Reverse 2 1/2 Somersault Straight,3.50,0.00,0.00,0,0.00,0.00,0,
305A,10M,Reverse 2 1/2 Somersault Straight,3.40,0.00,0.00,0,0.00,0.00,0,
305B,1M,Reverse 2 1/2 Somersault Pike,3.20,60.38,84.80,53,54.89,86.40,371,
305B,3M,Reverse 2 1/2 Somersault Pike,3.00,49.03,88.50,1950,49.69,88.50,13477,
305B,5M,Reverse 2 1/2 Somersault Pike,3.30,0.00,0.00,0,0.00,0.00,0,
305B,7M,Reverse 2 1/2 Somersault Pike,3.10,0.00,0.00,0,0.00,0.00,0,
305B,10M,Reverse 2 1/2 Somersault Pike,3.00,54.55,72.00,22,53.03,81.20,293,
305C,1M,Reverse 2 1/2 Somersault Tuck,3.00,47.04,85.50,2091,46.38,87.00,14624,
305C,3M,Reverse 2 1/2 Somersault Tuck,2.80,42.17,79.80,4995,41.54,84.00,35868,
305C,5M,Reverse 2 1/2 Somersault Tuck,3.10,51.87,86.80,120,49.32,86.80,770,
305C,7M,Reverse 2 1/2 Somersault Tuck,2.90,48.57,76.85,187,45.87,81.20,1066,
305C,10M,Reverse 2 1/2 Somersault Tuck,2.80,50.81,79.80,591,49.23,82.60,4637,
306B,1M,Reverse 3 Somersault Pike,3.30,0.00,0.00,0,0.00,0.00,0,
306B,3M,Reverse 3 Somersault Pike,2.90,0.00,0.00,0,0.00,0.00,0,
306B,5M,Reverse 3 Somersault Pike,3.40,0.00,0.00,0,0.00,0.00,0,
306B,7M,Reverse 3 Somersault Pike,3.00,0.00,0.00,0,0.00,0.00,0,
306B,10M,Reverse 3 Somersault Pike,3.20,0.00,0.00,0,0.00,0.00,0,
306C,1M,Reverse 3 Somersault Tuck,3.00,0.00,0.00,0,51.00,70.50,2,
306C,3M,Reverse 3 Somersault Tuck,2.60,0.00,0.00,0,35.97,50.70,3,
306C,5M,Reverse 3 Somersault Tuck,3.10,0.00,0.00,0,0.00,0.00,0,
306C,7M,Reverse 3 Somersault Tuck,2.70,0.00,0.00,0,47.23,49.40,3,
306C,10M,Reverse 3 Somersault Tuck,2.90,34.80,34.80,1,34.80,34.80,1,
307B,3M,Reverse 3 1/2 Somersault Pike,3.80,0.00,0.00,0,52.07,93.10,21,
307B,10M,Reverse 3 1/2 Somersault Pike,3.70,0.00,0.00,0,0.00,0.00,0,
307C,3M,Reverse 3 1/2 Somersault Tuck,3.50,58.18,96.25,472,60.10,103.25,3409,
307C,10M,Reverse 3 1/2 Somersault Tuck,3.40,64.03,102.00,254,65.19,102.00,2661,
308B,3M,Reverse 4 Somersault Pike,3.70,0.00,0.00,0,0.00,0.00,0,
308B,7M,Reverse 4 Somersault Pike,4.50,0.00,0.00,0,0.00,0.00,0,
308B,10M,Reverse 4 Somersault Pike,4.40,0.00,0.00,0,0.00,0.00,0,
308C,3M,Reverse 4 Somersault Tuck,3.40,0.00,0.00,0,0.00,0.00,0,
308C,7M,Reverse 4 Somersault Tuck,4.20,0.00,0.00,0,0.00,0.00,0,
308C,10M,Reverse 4 Somersault Tuck,4.10,0.00,0.00,0,0.00,0.00,0,
309B,3M,Reverse 4 1/2 Somersault Pike,4.70,0.00,0.00,0,0.00,0.00,0,
309B,10M,Reverse 4 1/2 Somersault Pike,4.80,0.00,0.00,0,0.00,0.00,0,
309C,3M,Reverse 4 1/2 Somersault Tuck,4.40,0.00,0.00,0,0.00,0.00,0,
309C,10M,Reverse 4 1/2 Somersault Tuck,4.50,0.00,0.00,0,0.00,0.00,0,
312B,1M,Reverse Flying 1 Somersault Pike,1.80,32.85,33.30,2,29.70,41.40,6,
312B,3M,Reverse Flying 1 Somersault Pike,1.90,35.91,40.85,10,36.93,46.55,17,
312B,5M,Reverse Flying 1 Somersault Pike,1.80,0.00,0.00,0,0.00,0.00,0,
312B,7M,Reverse Flying 1 Somersault Pike,1.90,0.00,0.00,0,0.00,0.00,0,
312B,10M,Reverse Flying 1 Somersault Pike,2.00,0.00,0.00,0,0.00,0.00,0,
312C,1M,Reverse Flying 1 Somersault Tuck,1.70,16.15,16.15,1,22.99,30.60,19,
312C,3M,Reverse Flying 1 Somersault Tuck,1.80,27.60,33.30,9,28.94,41.40,37,
312C,5M,Reverse Flying 1 Somersault Tuck,1.70,0.00,0.00,0,10.20,10.20,1,
312C,7M,Reverse Flying 1 Somersault Tuck,1.80,0.00,0.00,0,0.00,0.00,0,
312C,10M,Reverse Flying 1 Somersault Tuck,1.90,39.86,50.35,7,37.73,50.35,40,
313B,1M,Reverse Flying 1 1/2 Somersault Pike,2.60,0.00,0.00,0,0.00,0.00,0,
313B,3M,Reverse Flying 1 1/2 Somersault Pike,2.50,0.00,0.00,0,26.25,26.25,1,
313B,5M,Reverse Flying 1 1/2 Somersault Pike,2.60,0.00,0.00,0,0.00,0.00,0,
313B,7M,Reverse Flying 1 1/2 Somersault Pike,2.50,0.00,0.00,0,0.00,0.00,0,
313B,10M,Reverse Flying 1 1/2 Somersault Pike,2.50,0.00,0.00,0,0.00,0.00,0,
313C,1M,Reverse Flying 1 1/2 Somersault Tuck,2.30,0.00,0.00,0,38.33,48.30,3,
313C,3M,Reverse Flying 1 1/2 Somersault Tuck,2.20,0.00,0.00,0,37.09,44.00,7,
313C,5M,Reverse Flying 1 1/2 Somersault Tuck,2.30,0.00,0.00,0,0.00,0.00,0,
313C,7M,Reverse Flying 1 1/2 Somersault Tuck,2.20,0.00,0.00,0,0.00,0.00,0,
313C,10M,Reverse Flying 1 1/2 Somersault Tuck,2.20,0.00,0.00,0,0.00,0.00,0,
400A,1M,Inward Jump Straight,1.00,15.33,18.50,6,15.25,18.50,10,
400A,3M,Inward Jump Straight,1.00,15.68,22.00,14,15.48,22.00,44,
400A,5M,Inward Jump Straight,1.00,0.00,0.00,0,15.00,15.50,2,
400A,7M,Inward Jump Straight,1.00,0.00,0.00,0,0.00,0.00,0,
400A,10M,Inward Jump Straight,1.00,0.00,0.00,0,0.00,0.00,0,
400B,1M,Inward Jump Pike,1.00,0.00,0.00,0,0.00,0.00,0,
400B,3M,Inward Jump Pike,1.00,0.00,0.00,0,0.00,0.00,0,
400B,5M,Inward Jump Pike,1.00,0.00,0.00,0,0.00,0.00,0,
400B,7M,Inward Jump Pike,1.00,0.00,0.00,0,0.00,0.00,0,
400B,10M,Inward Jump Pike,1.00,0.00,0.00,0,0.00,0.00,0,
400C,1M,Inward Jump Tuck,1.00,16.17,17.50,3,13.64,17.50,7,
400C,3M,Inward Jump Tuck,1.00,13.14,16.00,7,14.40,19.00,21,
400C,5M,Inward Jump Tuck,1.00,0.00,0.00,0,0.00,0.00,0,
400C,7M,Inward Jump Tuck,1.00,0.00,0.00,0,0.00,0.00,0,
400C,10M,Inward Jump Tuck,1.00,0.00,0.00,0,0.00,0.00,0,
400D,1M,Inward Jump Free,1.00,0.00,0.00,0,0.00,0.00,0,
400D,3M,Inward Jump Free,1.00,0.00,0.00,0,0.00,0.00,0,
400D,5M,Inward Jump Free,1.00,0.00,0.00,0,0.00,0.00,0,
400D,7M,Inward Jump Free,1.00,0.00,0.00,0,0.00,0.00,0,
400D,10M,Inward Jump Free,1.00,0.00,0.00,0,0.00,0.00,0,
401A,1M,Inward Dive Straight,1.80,34.10,54.00,96,34.84,55.80,1168,
401A,3M,Inward Dive Straight,1.70,34.36,44.20,52,33.78,50.15,484,
401A,5M,Inward Dive Straight,1.80,36.54,37.80,5,35.60,45.00,59,
401A,7M,Inward Dive Straight,1.70,0.00,0.00,0,31.45,41.65,9,
401A,10M,Inward Dive Straight,1.70,42.50,42.50,1,37.08,45.90,8,
401B,1M,Inward Dive Pike,1.50,28.19,53.40,9046,27.51,55.20,75737,
401B,3M,Inward Dive Pike,1.40,26.63,52.20,3829,25.47,69.00,30622,
401B,5M,Inward Dive Pike,1.50,28.10,49.80,984,26.59,54.00,6713,
401B,7M,Inward Dive Pike,1.40,25.64,45.60,211,26.02,45.60,1576,
401B,10M,Inward Dive Pike,1.40,36.90,58.20,96,40.40,58.20,1129,
401C,1M,Inward Dive Tuck,1.40,22.23,41.40,3968,21.83,50.40,30961,
401C,3M,Inward Dive Tuck,1.30,20.91,53.40,2093,20.16,56.40,16282,
401C,5M,Inward Dive Tuck,1.40,22.64,35.40,281,22.75,51.60,2033,
401C,7M,Inward Dive Tuck,1.30,22.84,27.30,7,22.71,29.25,68,
401C,10M,Inward Dive Tuck,1.30,0.00,0.00,0,22.51,26.65,8,
402A,1M,Inward 1 Somersault Straight,2.00,0.00,0.00,0,34.00,37.00,2,
402A,3M,Inward 1 Somersault Straight,1.80,0.00,0.00,0,28.05,38.70,6,
402A,5M,Inward 1 Somersault Straight,2.00,0.00,0.00,0,0.00,0.00,0,
402A,7M,Inward 1 Somersault Straight,1.80,0.00,0.00,0,0.00,0.00,0,
402A,10M,Inward 1 Somersault Straight,1.90,0.00,0.00,0,0.00,0.00,0,
402B,1M,Inward 1 Somersault Pike,1.70,24.37,35.70,27,23.81,45.90,133,
402B,3M,Inward 1 Somersault Pike,1.50,0.00,0.00,0,19.33,30.00,22,
402B,5M,Inward 1 Somersault Pike,1.70,0.00,0.00,0,34.00,34.00,1,
402B,7M,Inward 1 Somersault Pike,1.50,0.00,0.00,0,0.00,0.00,0,
402B,10M,Inward 1 Somersault Pike,1.60,0.00,0.00,0,0.00,0.00,0,
402C,1M,Inward 1 Somersault Tuck,1.60,23.10,41.60,2346,23.01,44.80,16893,
402C,3M,Inward 1 Somersault Tuck,1.40,18.77,27.30,118,18.58,34.30,1102,
402C,5M,Inward 1 Somersault Tuck,1.60,21.20,24.00,2,21.71,30.40,25,
402C,7M,Inward 1 Somersault Tuck,1.40,0.00,0.00,0,0.00,0.00,0,
402C,10M,Inward 1 Somersault Tuck,1.50,0.00,0.00,0,25.50,25.50,2,
403A,3M,Inward 1 1/2 Somersault Straight,2.60,49.40,49.40,1,46.80,49.40,3,
403B,1M,Inward 1 1/2 Somersault Pike,2.40,44.91,68.40,7430,44.46,72.00,52782,
403B,3M,Inward 1 1/2 Somersault Pike,2.10,38.00,56.70,5304,38.00,61.74,42321,
403B,5M,Inward 1 1/2 Somersault Pike,2.40,43.10,57.60,356,42.32,64.80,2324,
403B,7M,Inward 1 1/2 Somersault Pike,2.10,38.91,59.85,376,39.37,60.90,2961,
403B,10M,Inward 1 1/2 Somersault Pike,2.00,39.19,57.00,475,40.66,60.00,4658,
403C,1M,Inward 1 1/2 Somersault Tuck,2.20,35.07,62.70,6396,34.52,63.80,49482,
403C,3M,Inward 1 1/2 Somersault Tuck,1.90,30.23,50.35,4194,29.78,56.05,34713,
403C,5M,Inward 1 1/2 Somersault Tuck,2.20,35.79,57.20,1308,35.59,66.00,8381,
403C,7M,Inward 1 1/2 Somersault Tuck,1.90,31.94,38.95,24,34.58,51.30,284,
403C,10M,Inward 1 1/2 Somersault Tuck,1.80,37.26,46.80,10,35.77,49.50,166,
404B,1M,Inward 2 Somersault Pike,3.00,0.00,0.00,0,15.00,15.00,1,
404B,3M,Inward 2 Somersault Pike,2.60,39.62,62.40,82,38.91,62.40,361,
404B,5M,Inward 2 Somersault Pike,3.00,0.00,0.00,0,0.00,0.00,0,
404B,7M,Inward 2 Somersault Pike,2.60,0.00,0.00,0,0.00,0.00,0,
404B,10M,Inward 2 Somersault Pike,2.60,0.00,0.00,0,0.00,0.00,0,
404C,1M,Inward 2 Somersault Tuck,2.80,41.19,60.90,711,41.00,71.40,3381,
404C,3M,Inward 2 Somersault Tuck,2.40,35.78,56.40,1657,35.24,59.04,14553,
404C,5M,Inward 2 Somersault Tuck,2.80,40.87,58.80,161,41.82,67.20,1205,
404C,7M,Inward 2 Somersault Tuck,2.40,0.00,0.00,0,0.00,0.00,0,
404C,10M,Inward 2 Somersault Tuck,2.40,0.00,0.00,0,18.00,18.00,1,
405B,1M,Inward 2 1/2 Somersault Pike,3.40,66.36,90.10,59,65.17,90.10,287,
405B,3M,Inward 2 1/2 Somersault Pike,3.00,55.37,83.70,2054,56.05,85.50,15520,
405B,5M,Inward 2 1/2 Somersault Pike,3.40,76.50,76.50,1,76.50,76.50,1,
405B,7M,Inward 2 1/2 Somersault Pike,3.00,48.00,48.00,1,38.25,48.00,2,
405B,10M,Inward 2 1/2 Somersault Pike,2.80,50.38,74.20,439,50.79,78.40,3707,
405C,1M,Inward 2 1/2 Somersault Tuck,3.10,52.35,85.25,2039,52.09,93.00,14036,
405C,3M,Inward 2 1/2 Somersault Tuck,2.70,45.18,72.90,7506,44.53,87.75,52560,
405C,5M,Inward 2 1/2 Somersault Tuck,3.10,50.56,79.05,360,49.63,86.80,2251,
405C,7M,Inward 2 1/2 Somersault Tuck,2.70,45.23,72.90,1057,45.40,79.65,8233,
405C,10M,Inward 2 1/2 Somersault Tuck,2.50,44.92,75.00,118,44.91,75.00,941,
406B,5M,Inward 3 Somersault Pike,4.00,0.00,0.00,0,0.00,0.00,0,
406B,7M,Inward 3 Somersault Pike,3.40,0.00,0.00,0,0.00,0.00,0,
406B,10M,Inward 3 Somersault Pike,3.50,0.00,0.00,0,0.00,0.00,0,
406C,5M,Inward 3 Somersault Tuck,3.70,0.00,0.00,0,0.00,0.00,0,
406C,7M,Inward 3 Somersault Tuck,3.10,0.00,0.00,0,0.00,0.00,0,
406C,10M,Inward 3 Somersault Tuck,3.20,0.00,0.00,0,0.00,0.00,0,
407B,3M,Inward 3 1/2 Somersault Pike,3.70,0.00,0.00,0,72.84,96.20,28,
407B,10M,Inward 3 1/2 Somersault Pike,3.50,60.20,80.50,5,70.39,92.75,9,
407C,3M,Inward 3 1/2 Somersault Tuck,3.40,62.26,96.90,564,62.29,99.45,3501,
407C,7M,Inward 3 1/2 Somersault Tuck,3.40,0.00,0.00,0,63.58,96.90,10,
407C,10M,Inward 3 1/2 Somersault Tuck,3.20,60.33,96.00,1054,61.02,96.00,8776,
407D,1M,Inward 3 1/2 Somersault Free,3.80,0.00,0.00,0,0.00,0.00,0,
408B,10M,Inward 4 Somersault Pike,4.40,0.00,0.00,0,0.00,0.00,0,
408C,10M,Inward 4 Somersault Tuck,4.10,0.00,0.00,0,0.00,0.00,0,
409B,3M,Inward 4 1/2 Somersault Tuck,4.60,0.00,0.00,0,0.00,0.00,0,
409C,3M,Inward 4 1/2 Somersault Tuck,4.20,0.00,0.00,0,0.00,0.00,0,
409C,10M,Inward 4 1/2 Somersault Tuck,4.10,49.20,59.45,3,76.89,106.60,33,
412B,1M,Inward Flying 1 Somersault Pike,2.10,0.00,0.00,0,22.05,22.05,1,
412B,3M,Inward Flying 1 Somersault Pike,1.90,0.00,0.00,0,38.08,45.00,3,
412B,5M,Inward Flying 1 Somersault Pike,2.10,0.00,0.00,0,0.00,0.00,0,
412B,7M,Inward Flying 1 Somersault Pike,1.90,0.00,0.00,0,0.00,0.00,0,
412B,10M,Inward Flying 1 Somersault Pike,2.00,0.00,0.00,0,25.50,25.50,1,
412C,1M,Inward Flying 1 Somersault Tuck,2.00,0.00,0.00,0,31.00,32.00,2,
412C,3M,Inward Flying 1 Somersault Tuck,1.80,0.00,0.00,0,29.10,43.20,3,
412C,5M,Inward Flying 1 Somersault Tuck,2.00,0.00,0.00,0,0.00,0.00,0,
412C,7M,Inward Flying 1 Somersault Tuck,1.80,0.00,0.00,0,25.20,25.20,1,
412C,10M,Inward Flying 1 Somersault Tuck,1.90,25.65,25.65,1,37.53,54.15,6,
413B,1M,Inward Flying 1 1/2 Somersault Pike,2.90,0.00,0.00,0,33.35,33.35,1,
413B,3M,Inward Flying 1 1/2 Somersault Pike,2.60,0.00,0.00,0,65.26,72.80,8,
413B,5M,Inward Flying 1 1/2 Somersault Pike,2.90,0.00,0.00,0,0.00,0.00,0,
413B,7M,Inward Flying 1 1/2 Somersault Pike,2.60,0.00,0.00,0,0.00,0.00,0,
413B,10M,Inward Flying 1 1/2 Somersault Pike,2.50,0.00,0.00,0,0.00,0.00,0,
413C,1M,Inward Flying 1 1/2 Somersault Tuck,2.70,0.00,0.00,0,50.53,78.30,7,
413C,3M,Inward Flying 1 1/2 Somersault Tuck,2.40,50.40,50.40,1,43.00,64.80,24,
413C,5M,Inward Flying 1 1/2 Somersault Tuck,2.70,0.00,0.00,0,0.00,0.00,0,
413C,7M,Inward Flying 1 1/2 Somersault Tuck,2.40,0.00,0.00,0,0.00,0.00,0,
413C,10M,Inward Flying 1 1/2 Somersault Tuck,2.30,0.00,0.00,0,0.00,0.00,0,
414C,3M,Inward Flying 2 Somersault Tuck,2.90,0.00,0.00,0,43.50,43.50,1,
414C,10M,Inward Flying 2 Somersault Tuck,2.90,0.00,0.00,0,0.00,0.00,0,
600A,5M,Armstand Dive Straight,1.50,23.39,34.50,33,22.85,42.00,188,
600A,7M,Armstand Dive Straight,1.60,31.20,31.20,1,29.04,32.00,10,
600A,10M,Armstand Dive Straight,1.60,23.60,24.00,2,23.60,24.00,2,
611A,1M,Armstand Forward 1/2 Somersault Straight,1.00,16.75,20.00,2,18.51,37.60,100,
611A,3M,Armstand Forward 1/2 Somersault Straight,1.00,0.00,0.00,0,26.21,41.58,11,
611A,5M,Armstand Forward 1/2 Somersault Straight,1.80,27.90,39.60,2,29.18,42.30,12,
611A,7M,Armstand Forward 1/2 Somersault Straight,2.00,0.00,0.00,0,35.70,48.00,5,
611A,10M,Armstand Forward 1/2 Somersault Straight,2.00,0.00,0.00,0,0.00,0.00,0,
611B,5M,Armstand Forward 1/2 Somersault Pike,1.70,0.00,0.00,0,17.28,28.90,9,
611B,7M,Armstand Forward 1/2 Somersault Pike,1.90,0.00,0.00,0,18.37,34.20,3,
611B,10M,Armstand Forward 1/2 Somersault Pike,1.90,0.00,0.00,0,0.00,0.00,1,
611C,5M,Armstand Forward 1/2 Somersault Tuck,1.50,0.00,0.00,0,8.36,24.00,7,
611C,7M,Armstand Forward 1/2 Somersault Tuck,1.70,0.00,0.00,0,0.00,0.00,0,
611C,10M,Armstand Forward 1/2 Somersault Tuck,1.70,0.00,0.00,0,0.00,0.00,0,
612A,5M,Armstand Forward 1 Somersault Straight,1.80,10.80,10.80,1,18.34,29.70,8,
612A,7M,Armstand Forward 1 Somersault Straight,1.90,0.00,0.00,0,20.90,20.90,1,
612A,10M,Armstand Forward 1 Somersault Straight,2.00,20.00,20.00,1,23.50,32.00,6,
612B,5M,Armstand Forward 1 Somersault Pike,1.70,26.99,42.50,950,26.05,48.45,5972,
612B,7M,Armstand Forward 1 Somersault Pike,1.80,30.47,47.70,599,30.16,53.10,4476,
612B,10M,Armstand Forward 1 Somersault Pike,1.90,35.63,54.15,443,35.83,57.00,3678,
612C,5M,Armstand Forward 1 Somersault Tuck,1.50,21.26,32.25,244,20.56,37.50,1637,
612C,7M,Armstand Forward 1 Somersault Tuck,1.60,20.27,31.20,6,21.18,32.80,36,
612C,10M,Armstand Forward 1 Somersault Tuck,1.70,14.03,17.85,2,18.42,27.20,3,
613B,10M,Armstand Forward 1 1/2 Somersault Pike,2.20,0.00,0.00,0,6.60,6.60,1,
613C,10M,Armstand Forward 1 1/2 Somersault Tuck,1.90,0.00,0.00,0,0.00,0.00,0,
614B,5M,Armstand Forward 2 Somersault Pike,2.50,40.00,40.00,1,27.92,43.75,3,
614B,7M,Armstand Forward 2 Somersault Pike,2.30,38.69,49.45,60,37.35,51.75,296,
614B,10M,Armstand Forward 2 Somersault Pike,2.40,42.11,64.80,602,41.33,69.60,3886,
614C,5M,Armstand Forward 2 Somersault Tuck,2.20,0.00,0.00,1,15.40,30.80,2,
614C,7M,Armstand Forward 2 Somersault Tuck,2.00,26.89,36.00,9,26.66,39.00,57,
614C,10M,Armstand Forward 2 Somersault Tuck,2.10,23.10,23.10,1,27.83,45.15,24,
616B,10M,Armstand Forward 3 Somersault Pike,3.30,0.00,0.00,0,52.71,75.90,35,
616C,10M,Armstand Forward 3 Somersault Tuck,3.10,47.43,52.70,5,46.61,64.50,30,
621A,5M,Armstand Back 1/2 Somersault Straight,1.70,0.00,0.00,0,25.78,34.00,3,
621A,7M,Armstand Back 1/2 Somersault Straight,1.90,0.00,0.00,0,0.00,0.00,0,
621A,10M,Armstand Back 1/2 Somersault Straight,1.90,0.00,0.00,0,0.00,0.00,0,
621B,5M,Armstand Back 1/2 Somersault Pike,1.60,0.00,0.00,0,21.60,25.60,2,
621B,7M,Armstand Back 1/2 Somersault Pike,1.80,0.00,0.00,0,0.00,0.00,0,
621B,10M,Armstand Back 1/2 Somersault Pike,1.80,0.00,0.00,0,0.00,0.00,0,
621C,5M,Armstand Back 1/2 Somersault Tuck,1.40,0.00,0.00,0,0.00,0.00,0,
621C,7M,Armstand Back 1/2 Somersault Tuck,1.60,0.00,0.00,0,0.00,0.00,0,
621C,10M,Armstand Back 1/2 Somersault Tuck,1.60,0.00,0.00,0,0.00,0.00,0,
622A,5M,Armstand Back 1 Somersault Straight,2.10,27.58,34.65,15,32.00,56.70,82,
622A,7M,Armstand Back 1 Somersault Straight,2.20,0.00,0.00,0,0.00,0.00,0,
622A,10M,Armstand Back 1 Somersault Straight,2.30,0.00,0.00,0,0.00,0.00,0,
622B,5M,Armstand Back 1 Somersault Pike,2.00,0.00,0.00,0,23.33,32.00,3,
622B,7M,Armstand Back 1 Somersault Pike,2.10,0.00,0.00,0,0.00,0.00,0,
622B,10M,Armstand Back 1 Somersault Pike,2.20,0.00,0.00,0,0.00,0.00,0,
622C,5M,Armstand Back 1 Somersault Tuck,1.80,0.00,0.00,0,24.85,35.10,18,
622C,7M,Armstand Back 1 Somersault Tuck,1.90,0.00,0.00,0,0.00,0.00,0,
622C,10M,Armstand Back 1 Somersault Tuck,2.00,0.00,0.00,0,0.00,0.00,0,
623A,5M,Armstand Back 1 1/2 Somersault Straight,2.50,53.75,53.75,1,47.57,56.25,19,
623B,5M,Armstand Back 1 1/2 Somersault Pike,2.30,32.20,34.50,2,30.95,50.60,22,
623B,7M,Armstand Back 1 1/2 Somersault Pike,2.20,0.00,0.00,0,0.00,0.00,0,
623B,10M,Armstand Back 1 1/2 Somersault Pike,2.20,0.00,0.00,0,0.00,0.00,0,
623C,5M,Armstand Back 1 1/2 Somersault Tuck,2.00,24.50,26.00,2,23.90,33.00,10,
623C,7M,Armstand Back 1 1/2 Somersault Tuck,1.90,0.00,0.00,0,0.00,0.00,0,
623C,10M,Armstand Back 1 1/2 Somersault Tuck,1.90,0.00,0.00,0,30.40,30.40,1,
624A,5M,Armstand Back 2 Somersault Straight,3.10,0.00,0.00,0,0.00,0.00,0,
624A,7M,Armstand Back 2 Somersault Straight,2.90,0.00,0.00,0,0.00,0.00,0,
624A,10M,Armstand Back 2 Somersault Straight,3.00,0.00,0.00,0,46.94,66.00,24,
624B,5M,Armstand Back 2 Somersault Pike,2.90,0.00,0.00,0,46.88,58.00,6,
624B,7M,Armstand Back 2 Somersault Pike,2.70,30.15,33.75,3,34.08,51.30,19,
624B,10M,Armstand Back 2 Somersault Pike,2.80,44.87,74.20,61,43.89,74.20,366,
624C,5M,Armstand Back 2 Somersault Tuck,2.60,36.94,62.40,40,37.51,65.00,390,
624C,7M,Armstand Back 2 Somersault Tuck,2.40,39.73,54.00,9,35.12,54.00,48,
624C,10M,Armstand Back 2 Somersault Tuck,2.50,0.00,0.00,0,0.00,0.00,0,
626B,7M,Armstand Back 3 Somersault Pike,3.30,0.00,0.00,0,0.00,0.00,0,
626B,10M,Armstand Back 3 Somersault Pike,3.50,60.71,84.00,13,76.44,105.00,154,
626C,5M,Armstand Back 3 Somersault Tuck,3.50,0.00,0.00,0,0.00,0.00,0,
626C,7M,Armstand Back 3 Somersault Tuck,3.10,0.00,0.00,0,0.00,0.00,0,
626C,10M,Armstand Back 3 Somersault Tuck,3.30,57.78,94.05,106,58.73,99.00,1016,
628B,10M,Armstand Back 4 Somersault Pike,4.70,0.00,0.00,0,0.00,0.00,0,
628C,10M,Armstand Back 4 Somersault Tuck,4.50,0.00,0.00,0,0.00,0.00,0,
631A,5M,Armstand Reverse 1/2 Somersault Straight,1.80,0.00,0.00,0,0.00,0.00,0,
631A,7M,Armstand Reverse 1/2 Somersault Straight,2.00,0.00,0.00,0,0.00,0.00,0,
631A,10M,Armstand Reverse 1/2 Somersault Straight,2.00,0.00,0.00,0,0.00,0.00,0,
631B,5M,Armstand Reverse 1/2 Somersault Pike,1.70,0.00,0.00,0,28.90,28.90,1,
631B,7M,Armstand Reverse 1/2 Somersault Pike,1.90,0.00,0.00,0,40.85,40.85,1,
631B,10M,Armstand Reverse 1/2 Somersault Pike,1.90,0.00,0.00,0,33.41,50.35,13,
631C,5M,Armstand Reverse 1/2 Somersault Tuck,1.50,25.00,32.25,3,26.78,37.50,40,
631C,7M,Armstand Reverse 1/2 Somersault Tuck,1.70,0.00,0.00,0,37.49,45.05,9,
631C,10M,Armstand Reverse 1/2 Somersault Tuck,1.70,0.00,0.00,0,33.29,51.00,6,
632B,5M,Armstand Reverse 1 Somersault Pike,2.10,0.00,0.00,0,30.71,36.75,4,
632B,7M,Armstand Reverse 1 Somersault Pike,2.20,0.00,0.00,0,0.00,0.00,0,
632B,10M,Armstand Reverse 1 Somersault Pike,2.30,0.00,0.00,0,0.00,0.00,0,
632C,5M,Armstand Reverse 1 Somersault Tuck,1.90,14.25,16.15,2,29.95,47.50,21,
632C,7M,Armstand Reverse 1 Somersault Tuck,2.00,0.00,0.00,0,0.00,0.00,0,
632C,10M,Armstand Reverse 1 Somersault Tuck,2.10,0.00,0.00,0,39.38,47.25,4,
633B,5M,Armstand Reverse 1 1/2 Somersault Pike,2.40,0.00,0.00,0,0.00,0.00,0,
633B,7M,Armstand Reverse 1 1/2 Somersault Pike,2.30,0.00,0.00,0,0.00,0.00,0,
633B,10M,Armstand Reverse 1 1/2 Somersault Pike,2.30,0.00,0.00,0,0.00,0.00,0,
633C,5M,Armstand Reverse 1 1/2 Somersault Tuck,2.10,26.25,26.25,1,26.25,26.25,1,
633C,7M,Armstand Reverse 1 1/2 Somersault Tuck,2.00,0.00,0.00,0,0.00,0.00,0,
633C,10M,Armstand Reverse 1 1/2 Somersault Tuck,2.00,0.00,0.00,0,0.00,0.00,0,
634B,5M,Armstand Reverse 2 Somersault Pike,3.00,0.00,0.00,0,0.00,0.00,0,
634B,7M,Armstand Reverse 2 Somersault Pike,2.80,0.00,0.00,0,0.00,0.00,0,
634B,10M,Armstand Reverse 2 Somersault Pike,2.90,0.00,0.00,0,0.00,0.00,0,
634C,5M,Armstand Reverse 2 Somersault Tuck,2.70,0.00,0.00,0,0.00,0.00,0,
634C,7M,Armstand Reverse 2 Somersault Tuck,2.50,0.00,0.00,0,16.25,18.75,3,
634C,10M,Armstand Reverse 2 Somersault Tuck,2.60,0.00,0.00,0,0.00,0.00,0,
636B,10M,Armstand Reverse 3 Somersault Pike,3.60,0.00,0.00,0,0.00,0.00,0,
636C,7M,Armstand Reverse 3 Somersault Tuck,3.20,0.00,0.00,0,0.00,0.00,0,
636C,10M,Armstand Reverse 3 Somersault Tuck,3.40,0.00,0.00,0,73.26,84.15,5,
638B,10M,Armstand Reverse 4 Somersault Pike,4.80,0.00,0.00,0,0.00,0.00,0,
638C,10M,Armstand Reverse 4 Somersault Tuck,4.60,0.00,0.00,0,0.00,0.00,0,
1011C,10M,Forward 5 1/2 Somersault Pike,4.70,0.00,0.00,0,0.00,0.00,0,
5101A,1M,Forward Jump 1/2 Twist Straight,1.00,13.30,18.50,27,14.20,21.00,339,
5101A,3M,Forward Jump 1/2 Twist Straight,1.00,11.36,18.50,35,13.08,32.30,373,
5101A,5M,Forward Jump 1/2 Twist Straight,1.00,0.00,0.00,0,15.67,18.50,3,
5101A,7M,Forward Jump 1/2 Twist Straight,1.00,0.00,0.00,0,0.00,0.00,0,
5101A,10M,Forward Jump 1/2 Twist Straight,1.00,0.00,0.00,0,0.00,0.00,0,
5101D,1M,Forward Jump 1/2 Twist Free,1.00,13.21,17.50,19,13.21,20.00,88,
5101D,3M,Forward Jump 1/2 Twist Free,1.00,10.10,18.00,29,11.53,19.00,164,
5101D,5M,Forward Jump 1/2 Twist Free,1.00,0.00,0.00,0,12.17,14.00,3,
5102A,1M,Forward Jump 1 Twist Straight,1.00,13.25,18.00,26,13.00,21.50,200,
5102A,3M,Forward Jump 1 Twist Straight,1.00,9.88,16.50,17,11.76,19.50,121,
5102A,5M,Forward Jump 1 Twist Straight,1.00,0.00,0.00,0,0.00,0.00,2,
5102A,7M,Forward Jump 1 Twist Straight,1.00,0.00,0.00,0,0.00,0.00,0,
5102A,10M,Forward Jump 1 Twist Straight,1.00,0.00,0.00,0,0.00,0.00,0,
5102D,1M,Forward Jump 1 Twist Free,1.00,7.50,7.50,1,10.84,17.50,31,
5102D,3M,Forward Jump 1 Twist Free,1.00,14.00,16.00,4,9.90,18.50,36,
5102D,5M,Forward Jump 1 Twist Free,1.00,0.00,0.00,0,10.50,10.50,1,
5104A,1M,Forward Jump 2 Twist Straight,1.00,0.00,0.00,0,11.00,11.00,1,
5104A,3M,Forward Jump 2 Twist Straight,1.00,15.00,15.00,1,12.75,15.00,2,
5104A,5M,Forward Jump 2 Twist Straight,1.00,0.00,0.00,0,0.00,0.00,0,
5104A,7M,Forward Jump 2 Twist Straight,1.00,0.00,0.00,0,0.00,0.00,0,
5104A,10M,Forward Jump 2 Twist Straight,1.00,0.00,0.00,0,0.00,0.00,0,
5106A,1M,Forward Jump 3 Twist Straight,1.00,0.00,0.00,0,0.00,0.00,0,
5106A,3M,Forward Jump 3 Twist Straight,1.00,0.00,0.00,0,0.00,0.00,0,
5106A,5M,Forward Jump 3 Twist Straight,1.00,0.00,0.00,0,0.00,0.00,0,
5106A,7M,Forward Jump 3 Twist Straight,1.00,0.00,0.00,0,0.00,0.00,0,
5106A,10M,Forward Jump 3 Twist Straight,1.00,0.00,0.00,0,0.00,0.00,0,
5106B,1M,Forward Jump 3 Twist Pike,1.00,0.00,0.00,0,0.00,0.00,0,
5106B,3M,Forward Jump 3 Twist Pike,1.00,0.00,0.00,0,0.00,0.00,0,
5106B,5M,Forward Jump 3 Twist Pike,1.00,0.00,0.00,0,0.00,0.00,0,
5106B,7M,Forward Jump 3 Twist Pike,1.00,0.00,0.00,0,0.00,0.00,0,
5106B,10M,Forward Jump 3 Twist Pike,1.00,0.00,0.00,0,0.00,0.00,0,
5106C,1M,Forward Jump 3 Twist Tuck,1.00,0.00,0.00,0,0.00,0.00,0,
5106C,3M,Forward Jump 3 Twist Tuck,1.00,0.00,0.00,0,0.00,0.00,0,
5106C,5M,Forward Jump 3 Twist Tuck,1.00,0.00,0.00,0,0.00,0.00,0,
5106C,7M,Forward Jump 3 Twist Tuck,1.00,0.00,0.00,0,0.00,0.00,0,
5106C,10M,Forward Jump 3 Twist Tuck,1.00,0.00,0.00,0,0.00,0.00,0,
5111A,1M,Forward Dive 1/2 Twist Straight,1.80,25.93,48.60,375,26.02,53.40,3226,
5111A,3M,Forward Dive 1/2 Twist Straight,2.00,30.80,51.60,269,30.36,57.00,1986,
5111A,5M,Forward Dive 1/2 Twist Straight,1.80,28.26,44.10,35,32.40,46.80,224,
5111A,7M,Forward Dive 1/2 Twist Straight,2.00,48.00,48.00,1,37.58,53.00,12,
5111A,10M,Forward Dive 1/2 Twist Straight,2.00,0.00,0.00,0,30.00,30.00,1,
5111B,1M,Forward Dive 1/2 Twist Pike,1.70,20.51,34.00,40,20.74,37.40,285,
5111B,3M,Forward Dive 1/2 Twist Pike,1.90,21.55,38.00,38,22.84,39.90,458,
5111B,5M,Forward Dive 1/2 Twist Pike,1.70,19.13,20.40,2,17.57,28.05,15,
5111B,7M,Forward Dive 1/2 Twist Pike,1.90,38.95,38.95,1,32.30,38.95,3,
5111B,10M,Forward Dive 1/2 Twist Pike,1.90,0.00,0.00,0,0.00,0.00,0,
5111C,1M,Forward Dive 1/2 Twist Tuck,1.60,16.28,21.60,10,17.61,28.80,71,
5111C,3M,Forward Dive 1/2 Twist Tuck,1.80,11.09,22.50,8,18.81,36.90,87,
5111C,5M,Forward Dive 1/2 Twist Tuck,1.60,17.60,17.60,1,17.60,17.60,1,
5111C,7M,Forward Dive 1/2 Twist Tuck,1.80,0.00,0.00,0,0.00,0.00,0,
5111C,10M,Forward Dive 1/2 Twist Tuck,1.80,0.00,0.00,0,0.00,0.00,0,
5112A,1M,Forward Dive 1 Twist Straight,2.00,34.33,48.60,34,33.44,53.00,172,
5112A,3M,Forward Dive 1 Twist Straight,2.20,45.87,55.00,20,40.70,59.40,159,
5112A,5M,Forward Dive 1 Twist Straight,2.00,39.83,45.00,6,37.51,51.00,39,
5112A,7M,Forward Dive 1 Twist Straight,2.20,0.00,0.00,0,0.00,0.00,0,
5112A,10M,Forward Dive 1 Twist Straight,2.20,0.00,0.00,0,0.00,0.00,0,
5112B,1M,Forward Dive 1 Twist Pike,1.90,0.00,0.00,0,0.00,0.00,2,
5112B,3M,Forward Dive 1 Twist Pike,2.10,37.80,37.80,1,26.95,37.80,3,
5112B,5M,Forward Dive 1 Twist Pike,1.90,0.00,0.00,0,0.00,0.00,0,
5112B,7M,Forward Dive 1 Twist Pike,2.10,0.00,0.00,0,0.00,0.00,0,
5112B,10M,Forward Dive 1 Twist Pike,2.10,0.00,0.00,0,0.00,0.00,0,
5121D,1M,Forward 1 Somersault 1/2 Twist Free,1.70,18.86,34.85,793,18.96,44.40,4681,
5121D,3M,Forward 1 Somersault 1/2 Twist Free,1.80,18.86,32.40,26,19.24,35.10,137,
5121D,5M,Forward 1 Somersault 1/2 Twist Free,1.70,21.25,27.20,5,23.81,39.60,13,
5121D,7M,Forward 1 Somersault 1/2 Twist Free,1.80,0.00,0.00,0,23.40,23.40,1,
5121D,10M,Forward 1 Somersault 1/2 Twist Free,1.90,0.00,0.00,0,41.33,49.40,2,
5122D,1M,Forward 1 Somersault 1 Twist Free,1.90,25.74,50.73,2788,24.96,54.00,19630,
5122D,3M,Forward 1 Somersault 1 Twist Free,2.00,23.72,38.00,18,21.98,41.00,145,
5122D,5M,Forward 1 Somersault 1 Twist Free,1.90,36.58,38.95,2,32.00,38.95,7,
5122D,7M,Forward 1 Somersault 1 Twist Free,2.00,0.00,0.00,0,0.00,0.00,0,
5122D,10M,Forward 1 Somersault 1 Twist Free,2.10,0.00,0.00,0,42.00,42.00,1,
5123D,1M,Forward 1 Somersault 1 1/2 Twist Free,2.10,15.23,34.65,6,22.48,45.68,46,
5124D,1M,Forward 1 Somersault 2 Twist Free,2.30,32.82,54.05,650,32.94,59.34,5358,
5124D,3M,Forward 1 Somersault 2 Twist Free,2.40,44.88,49.20,5,34.22,50.40,33,
5124D,5M,Forward 1 Somersault 2 Twist Free,2.30,43.64,47.15,4,43.88,47.15,5,
5124D,7M,Forward 1 Somersault 2 Twist Free,2.40,0.00,0.00,0,35.60,40.80,3,
5124D,10M,Forward 1 Somersault 2 Twist Free,2.50,0.00,0.00,0,0.00,0.00,0,
5126D,1M,Forward 1 Somersault 3 Twist Free,2.80,35.00,50.40,23,38.89,61.60,237,
5126D,3M,Forward 1 Somersault 3 Twist Free,2.90,26.10,26.10,1,26.10,26.10,1,
5131D,1M,Forward 1 1/2 Somersault 1/2 Twist Free,2.00,22.86,45.00,42,24.68,46.00,251,
5131D,3M,Forward 1 1/2 Somersault 1/2 Twist Free,1.90,22.47,35.15,20,24.41,49.00,133,
5131D,5M,Forward 1 1/2 Somersault 1/2 Twist Free,2.00,0.00,0.00,0,31.00,35.00,4,
5131D,7M,Forward 1 1/2 Somersault 1/2 Twist Free,1.90,0.00,0.00,0,0.00,0.00,0,
5131D,10M,Forward 1 1/2 Somersault 1/2 Twist Free,1.90,0.00,0.00,0,0.00,0.00,0,
5132D,1M,Forward 1 1/2 Somersault 1 Twist Free,2.20,37.63,62.70,5602,36.91,66.00,41127,
5132D,3M,Forward 1 1/2 Somersault 1 Twist Free,2.10,34.94,63.00,4324,34.92,63.00,36909,
5132D,5M,Forward 1 1/2 Somersault 1 Twist Free,2.20,36.19,55.00,635,35.98,55.00,4550,
5132D,7M,Forward 1 1/2 Somersault 1 Twist Free,2.10,38.39,53.55,230,38.37,57.75,1675,
5132D,10M,Forward 1 1/2 Somersault 1 Twist Free,2.10,41.49,55.65,115,42.15,60.90,1357,
5134D,1M,Forward 1 1/2 Somersault 2 Twist Free,2.60,45.31,71.50,2145,44.75,78.00,14794,
5134D,3M,Forward 1 1/2 Somersault 2 Twist Free,2.50,41.88,69.75,1446,41.52,75.00,11092,
5134D,5M,Forward 1 1/2 Somersault 2 Twist Free,2.60,42.75,58.50,42,43.19,65.00,264,
5134D,7M,Forward 1 1/2 Somersault 2 Twist Free,2.50,39.57,57.50,41,42.35,71.25,466,
5134D,10M,Forward 1 1/2 Somersault 2 Twist Free,2.50,49.53,55.00,8,45.49,61.25,40,
5136D,1M,Forward 1 1/2 Somersault 3 Twist Free,3.10,51.11,75.95,78,46.70,79.50,311,
5136D,3M,Forward 1 1/2 Somersault 3 Twist Free,3.00,50.21,72.00,197,47.24,76.50,1171,
5136D,5M,Forward 1 1/2 Somersault 3 Twist Free,3.10,0.00,0.00,0,0.00,0.00,0,
5136D,7M,Forward 1 1/2 Somersault 3 Twist Free,3.00,0.00,0.00,0,52.89,73.50,19,
5136D,10M,Forward 1 1/2 Somersault 3 Twist Free,3.00,0.00,0.00,0,59.87,72.50,8,
5138D,1M,Forward 1 1/2 Somersault 4 Twist Free,3.50,0.00,0.00,0,0.00,0.00,0,
5138D,3M,Forward 1 1/2 Somersault 4 Twist Free,3.40,0.00,0.00,0,18.13,27.20,3,
5138D,5M,Forward 1 1/2 Somersault 4 Twist Free,3.50,0.00,0.00,0,0.00,0.00,0,
5138D,7M,Forward 1 1/2 Somersault 4 Twist Free,3.40,0.00,0.00,0,0.00,0.00,0,
5138D,10M,Forward 1 1/2 Somersault 4 Twist Free,3.40,0.00,0.00,0,34.65,34.65,1,
5141A,1M,Forward 2 Somersault 1/2 Twist Straight,2.80,0.00,0.00,0,0.00,0.00,0,
5141A,3M,Forward 2 Somersault 1/2 Twist Straight,2.60,0.00,0.00,0,35.10,41.60,3,
5141A,5M,Forward 2 Somersault 1/2 Twist Straight,2.80,0.00,0.00,0,0.00,0.00,0,
5141A,7M,Forward 2 Somersault 1/2 Twist Straight,2.60,0.00,0.00,0,0.00,0.00,0,
5141A,10M,Forward 2 Somersault 1/2 Twist Straight,2.70,0.00,0.00,0,0.00,0.00,0,
5141B,1M,Forward 2 Somersault 1/2 Twist Pike,2.50,52.50,60.00,2,37.57,60.00,17,
5141B,3M,Forward 2 Somersault 1/2 Twist Pike,2.30,48.30,55.20,3,43.10,55.20,47,
5141B,5M,Forward 2 Somersault 1/2 Twist Pike,2.50,0.00,0.00,0,0.00,0.00,0,
5141B,7M,Forward 2 Somersault 1/2 Twist Pike,2.30,0.00,0.00,0,49.14,59.80,15,
5141B,10M,Forward 2 Somersault 1/2 Twist Pike,2.40,43.01,51.12,8,43.16,56.40,30,
5141C,1M,Forward 2 Somersault 1/2 Twist Tuck,2.40,33.60,33.60,1,41.07,54.00,9,
5141C,3M,Forward 2 Somersault 1/2 Twist Tuck,2.20,34.54,51.70,5,33.30,51.70,13,
5141C,5M,Forward 2 Somersault 1/2 Twist Tuck,2.40,22.80,22.80,1,22.80,22.80,2,
5141C,7M,Forward 2 Somersault 1/2 Twist Tuck,2.20,0.00,0.00,0,48.40,48.40,1,
5141C,10M,Forward 2 Somersault 1/2 Twist Tuck,2.30,43.70,43.70,1,43.51,55.20,6,
5142B,1M,Forward 2 Somersault 1 Twist Pike,2.70,38.55,52.65,29,37.23,70.20,132,
5142B,3M,Forward 2 Somersault 1 Twist Pike,2.50,45.16,58.75,12,39.22,58.75,43,
5142B,5M,Forward 2 Somersault 1 Twist Pike,2.70,0.00,0.00,0,0.00,0.00,0,
5142B,7M,Forward 2 Somersault 1 Twist Pike,2.50,0.00,0.00,0,0.00,0.00,0,
5142B,10M,Forward 2 Somersault 1 Twist Pike,2.60,0.00,0.00,0,0.00,0.00,0,
5142C,1M,Forward 2 Somersault 1 Twist Tuck,2.60,35.97,44.20,3,34.23,53.30,18,
5143A,3M,Forward 2 Somersault 1 1/2 Twist Straight,3.00,0.00,0.00,0,31.50,31.50,1,
5143B,1M,Forward 2 Somersault 1 1/2 Twist Pike,2.90,0.00,0.00,0,45.68,53.65,4,
5143B,3M,Forward 2 Somersault 1 1/2 Twist Pike,2.70,0.00,0.00,0,50.29,60.75,8,
5143B,10M,Forward 2 Somersault 1 1/2 Twist Pike,2.80,0.00,0.00,0,35.00,35.00,1,
5144B,1M,Forward 2 Somersault 2 Twist Pike,3.10,0.00,0.00,0,46.50,46.50,1,
5145B,3M,Forward 2 Somersault 2 1/2 Twist Pike,3.10,0.00,0.00,0,0.00,0.00,1,
5151B,1M,Forward 2 1/2 Somersault 1/2 Twist Pike,3.00,0.00,0.00,0,0.00,0.00,0,
5151B,3M,Forward 2 1/2 Somersault 1/2 Twist Pike,2.80,0.00,0.00,0,36.74,54.60,25,
5151C,1M,Forward 2 1/2 Somersault 1/2 Twist Tuck,2.80,0.00,0.00,0,41.44,54.60,5,
5151C,3M,Forward 2 1/2 Somersault 1/2 Twist Tuck,2.60,0.00,0.00,0,18.20,18.20,1,
5152B,1M,Forward 2 1/2 Somersault 1 Twist Pike,3.20,58.76,86.40,488,56.02,91.20,2519,
5152B,3M,Forward 2 1/2 Somersault 1 Twist Pike,3.00,53.85,81.00,3353,53.91,85.50,21637,
5152B,5M,Forward 2 1/2 Somersault 1 Twist Pike,3.20,0.00,0.00,0,72.00,72.00,1,
5152B,7M,Forward 2 1/2 Somersault 1 Twist Pike,3.00,50.76,64.50,31,49.67,72.00,133,
5152B,10M,Forward 2 1/2 Somersault 1 Twist Pike,2.90,51.58,73.95,252,51.62,76.85,1804,
5152C,1M,Forward 2 1/2 Somersault 1 Twist Tuck,3.00,42.00,57.00,8,45.39,70.50,165,
5152C,3M,Forward 2 1/2 Somersault 1 Twist Tuck,2.80,43.51,65.80,50,45.51,73.50,339,
5152C,5M,Forward 2 1/2 Somersault 1 Twist Tuck,3.00,0.00,0.00,0,0.00,0.00,0,
5152C,7M,Forward 2 1/2 Somersault 1 Twist Tuck,2.80,0.00,0.00,0,39.20,53.20,14,
5152C,10M,Forward 2 1/2 Somersault 1 Twist Tuck,2.70,0.00,0.00,0,42.90,56.70,9,
5154B,1M,Forward 2 1/2 Somersault 2 Twist Pike,3.60,27.00,27.00,1,44.40,55.80,6,
5154B,3M,Forward 2 1/2 Somersault 2 Twist Pike,3.40,65.35,98.60,1045,65.00,100.30,6547,
5154B,5M,Forward 2 1/2 Somersault 2 Twist Pike,3.60,0.00,0.00,0,0.00,0.00,0,
5154B,7M,Forward 2 1/2 Somersault 2 Twist Pike,3.40,0.00,0.00,0,0.00,0.00,0,
5154B,10M,Forward 2 1/2 Somersault 2 Twist Pike,3.30,53.32,72.60,55,58.27,85.80,303,
5154C,1M,Forward 2 1/2 Somersault 2 Twist Tuck,3.40,0.00,0.00,0,0.00,0.00,0,
5154C,3M,Forward 2 1/2 Somersault 2 Twist Tuck,3.20,0.00,0.00,0,57.72,72.00,26,
5154C,5M,Forward 2 1/2 Somersault 2 Twist Tuck,3.40,0.00,0.00,0,0.00,0.00,0,
5154C,7M,Forward 2 1/2 Somersault 2 Twist Tuck,3.20,0.00,0.00,0,0.00,0.00,0,
5154C,10M,Forward 2 1/2 Somersault 2 Twist Tuck,3.10,0.00,0.00,0,0.00,0.00,0,
5156B,1M,Forward 2 1/2 Somersault 3 Twist Pike,4.10,0.00,0.00,0,0.00,0.00,1,
5156B,3M,Forward 2 1/2 Somersault 3 Twist Pike,3.90,68.25,93.60,11,73.93,102.60,110,
5156B,5M,Forward 2 1/2 Somersault 3 Twist Pike,4.10,0.00,0.00,0,0.00,0.00,0,
5156B,7M,Forward 2 1/2 Somersault 3 Twist Pike,3.90,0.00,0.00,0,0.00,0.00,0,
5156B,10M,Forward 2 1/2 Somersault 3 Twist Pike,3.80,72.83,83.60,3,82.04,102.60,45,
5156C,3M,Forward 2 1/2 Somersault 3 Twist Tuck,3.70,0.00,0.00,0,0.00,0.00,0,
5156C,10M,Forward 2 1/2 Somersault 3 Twist Tuck,3.60,0.00,0.00,0,0.00,0.00,0,
5161B,3M, Forward 3 Somersault 1/2 Twist Pike,3.00,42.00,42.00,1,42.00,42.00,1,
5172B,3M,Forward 3 1/2 Somersault 1 Twist Pike,3.70,59.20,59.20,1,59.20,59.20,1,
5172B,7M,Forward 3 1/2 Somersault 1 Twist Pike,3.70,0.00,0.00,0,0.00,0.00,0,
5172B,10M,Forward 3 1/2 Somersault 1 Twist Pike,3.60,60.60,77.40,3,60.60,77.40,3,
5172C,3M,Forward 3 1/2 Somersault 1 Twist Tuck,3.40,0.00,0.00,0,49.87,64.60,6,
5172C,7M,Forward 3 1/2 Somersault 1 Twist Tuck,3.40,0.00,0.00,0,0.00,0.00,0,
5172C,10M,Forward 3 1/2 Somersault 1 Twist Tuck,3.30,0.00,0.00,0,0.00,0.00,0,
5201A,1M,Back Jump 1/2 Twist Straight,1.00,12.71,22.00,42,13.91,23.50,259,
5201A,3M,Back Jump 1/2 Twist Straight,1.00,12.74,18.50,29,12.46,22.00,252,
5201A,5M,Back Jump 1/2 Twist Straight,1.00,0.00,0.00,0,12.50,14.00,3,
5201A,7M,Back Jump 1/2 Twist Straight,1.00,0.00,0.00,0,0.00,0.00,0,
5201A,10M,Back Jump 1/2 Twist Straight,1.00,0.00,0.00,0,0.00,0.00,0,
5201D,1M,Back Jump 1/2 Twist Free,1.00,12.00,12.00,1,11.00,16.00,16,
5201D,3M,Back Jump 1/2 Twist Free,1.00,5.88,12.00,4,11.07,17.50,35,
5201D,5M,Back Jump 1/2 Twist Free,1.00,0.00,0.00,0,9.83,14.00,3,
5202A,1M,Back Jump 1 Twist Straight,1.00,10.50,10.50,1,13.20,17.00,5,
5202A,3M,Back Jump 1 Twist Straight,1.00,0.00,0.00,0,10.38,14.50,4,
5202A,5M,Back Jump 1 Twist Straight,1.00,0.00,0.00,0,13.00,13.00,1,
5202A,7M,Back Jump 1 Twist Straight,1.00,0.00,0.00,0,0.00,0.00,0,
5202A,10M,Back Jump 1 Twist Straight,1.00,0.00,0.00,0,0.00,0.00,0,
5202D,1M,Back Jump 1 Twist Free,1.00,0.00,0.00,0,13.25,16.50,8,
5202D,3M,Back Jump 1 Twist Free,1.00,0.00,0.00,0,0.00,0.00,0,
5202D,5M,Back Jump 1 Twist Free,1.00,0.00,0.00,0,0.00,0.00,0,
5203A,1M,Back Jump 1 1/2 Twist Straight,1.00,11.75,14.50,2,11.75,14.50,2,
5203A,3M,Back Jump 1 1/2 Twist Straight,1.00,13.00,13.00,1,13.83,15.00,3,
5203A,5M,Back Jump 1 1/2 Twist Straight,1.00,0.00,0.00,0,0.00,0.00,0,
5203A,7M,Back Jump 1 1/2 Twist Straight,1.00,0.00,0.00,0,0.00,0.00,0,
5203A,10M,Back Jump 1 1/2 Twist Straight,1.00,0.00,0.00,0,0.00,0.00,0,
5205A,1M,Back Jump 2 1/2 Twist Straight,1.00,0.00,0.00,0,0.00,0.00,0,
5205A,3M,Back Jump 2 1/2 Twist Straight,1.00,0.00,0.00,0,0.00,0.00,0,
5205A,5M,Back Jump 2 1/2 Twist Straight,1.00,0.00,0.00,0,0.00,0.00,0,
5205A,7M,Back Jump 2 1/2 Twist Straight,1.00,0.00,0.00,0,0.00,0.00,0,
5205A,10M,Back Jump 2 1/2 Twist Straight,1.00,0.00,0.00,0,0.00,0.00,0,
5211A,1M,Back Dive 1/2 Twist Straight,1.80,21.71,47.70,474,22.64,49.20,3605,
5211A,3M,Back Dive 1/2 Twist Straight,2.00,26.71,48.00,262,25.58,52.00,2112,
5211A,5M,Back Dive 1/2 Twist Straight,1.80,26.06,42.30,28,25.09,47.31,220,
5211A,7M,Back Dive 1/2 Twist Straight,2.00,0.00,0.00,0,42.13,52.00,8,
5211A,10M,Back Dive 1/2 Twist Straight,2.00,0.00,0.00,0,0.00,0.00,0,
5211B,1M,Back Dive 1/2 Twist Pike,1.70,20.40,22.10,4,17.69,32.30,15,
5211B,3M,Back Dive 1/2 Twist Pike,1.90,0.00,0.00,0,16.35,32.30,15,
5211B,5M,Back Dive 1/2 Twist Pike,1.70,0.00,0.00,0,10.20,10.20,1,
5211B,7M,Back Dive 1/2 Twist Pike,1.90,0.00,0.00,0,0.00,0.00,0,
5211B,10M,Back Dive 1/2 Twist Pike,1.90,0.00,0.00,0,0.00,0.00,0,
5211C,1M,Back Dive 1/2 Twist Tuck,1.60,22.40,26.40,3,17.80,28.80,16,
5211C,3M,Back Dive 1/2 Twist Tuck,1.80,26.10,26.10,2,17.33,33.30,20,
5211C,5M,Back Dive 1/2 Twist Tuck,1.60,0.00,0.00,0,0.00,0.00,0,
5211C,7M,Back Dive 1/2 Twist Tuck,1.80,0.00,0.00,0,0.00,0.00,0,
5211C,10M,Back Dive 1/2 Twist Tuck,1.80,0.00,0.00,0,0.00,0.00,0,
5212A,1M,Back Dive 1 Twist Straight,2.00,20.67,30.00,3,24.38,48.00,24,
5212A,3M,Back Dive 1 Twist Straight,2.20,0.00,0.00,0,31.21,47.30,8,
5212A,5M,Back Dive 1 Twist Straight,2.00,0.00,0.00,0,0.00,0.00,0,
5212A,7M,Back Dive 1 Twist Straight,2.20,0.00,0.00,0,0.00,0.00,0,
5212A,10M,Back Dive 1 Twist Straight,2.20,0.00,0.00,0,0.00,0.00,0,
5213A,1M,Back Dive 1 1/2 Twist Straight,2.40,37.80,54.00,4,42.98,58.80,16,
5213A,3M,Back Dive 1 1/2 Twist Straight,2.60,35.10,35.10,1,42.12,57.20,5,
5221D,1M,Back 1 Somersault 1/2 Twist Free,1.70,23.58,40.80,1980,23.18,41.65,13616,
5221D,3M,Back 1 Somersault 1/2 Twist Free,1.80,21.38,38.70,134,20.55,38.70,949,
5221D,5M,Back 1 Somersault 1/2 Twist Free,1.70,26.56,31.45,4,18.90,31.45,17,
5221D,7M,Back 1 Somersault 1/2 Twist Free,1.80,0.00,0.00,0,11.70,23.40,2,
5221D,10M,Back 1 Somersault 1/2 Twist Free,1.90,0.00,0.00,0,0.00,0.00,0,
5222D,1M,Back 1 Somersault 1 Twist Free,1.90,22.39,37.05,147,22.76,45.60,720,
5222D,3M,Back 1 Somersault 1 Twist Free,2.00,18.33,28.00,3,18.91,35.00,21,
5222D,5M,Back 1 Somersault 1 Twist Free,1.90,0.00,0.00,0,31.35,31.35,1,
5222D,7M,Back 1 Somersault 1 Twist Free,2.00,0.00,0.00,0,0.00,0.00,0,
5222D,10M,Back 1 Somersault 1 Twist Free,2.10,0.00,0.00,0,0.00,0.00,0,
5223D,1M,Back 1 Somersault 1 1/2 Twist Free,2.30,35.62,57.50,2808,34.92,61.41,21164,
5223D,3M,Back 1 Somersault 1 1/2 Twist Free,2.40,8.00,43.20,9,27.28,63.60,101,
5223D,5M,Back 1 Somersault 1 1/2 Twist Free,2.30,0.00,0.00,0,31.74,50.60,18,
5223D,7M,Back 1 Somersault 1 1/2 Twist Free,2.40,0.00,0.00,0,0.00,0.00,0,
5223D,10M,Back 1 Somersault 1 1/2 Twist Free,2.50,0.00,0.00,0,0.00,0.00,0,
5224D,1M,Back 1 Somersault 2 Twist Free,2.30,28.18,32.20,2,29.82,50.60,15,
5225D,1M,Back 1 Somersault 2 1/2 Twist Free,2.70,42.45,63.45,907,40.20,68.85,6549,
5225D,3M,Back 1 Somersault 2 1/2 Twist Free,2.80,16.10,32.20,2,30.64,61.60,18,
5225D,5M,Back 1 Somersault 2 1/2 Twist Free,2.70,49.28,52.65,2,40.12,59.40,23,
5225D,7M,Back 1 Somersault 2 1/2 Twist Free,2.80,0.00,0.00,0,0.00,0.00,0,
5225D,10M,Back 1 Somersault 2 1/2 Twist Free,2.90,0.00,0.00,0,0.00,0.00,0,
5227D,1M,Back 1 Somersault 3 1/2 Twist Free,3.20,38.40,64.00,10,44.25,65.60,48,
5227D,3M,Back 1 Somersault 3 1/2 Twist Free,3.30,0.00,0.00,0,0.00,0.00,0,
5231D,1M,Back 1 1/2 Somersault 1/2 Twist Free,2.10,34.19,52.50,3823,33.70,60.90,25618,
5231D,3M,Back 1 1/2 Somersault 1/2 Twist Free,2.00,33.12,57.00,4167,32.43,62.00,29821,
5231D,5M,Back 1 1/2 Somersault 1/2 Twist Free,2.10,34.69,51.45,696,34.50,55.65,4568,
5231D,7M,Back 1 1/2 Somersault 1/2 Twist Free,2.00,36.33,52.00,259,36.88,55.00,1628,
5231D,10M,Back 1 1/2 Somersault 1/2 Twist Free,2.00,41.35,60.00,147,40.14,60.00,894,
5232D,3M,Back 1 1/2 Somersault 1 Twist Free,2.00,13.00,13.00,1,30.07,37.00,7,
5233D,1M,Back 1 1/2 Somersault 1 1/2 Twist Free,2.50,42.87,67.50,3477,42.18,71.25,23850,
5233D,3M,Back 1 1/2 Somersault 1 1/2 Twist Free,2.40,41.73,64.08,4651,40.90,67.20,31516,
5233D,5M,Back 1 1/2 Somersault 1 1/2 Twist Free,2.50,43.66,61.25,705,43.14,72.50,4519,
5233D,7M,Back 1 1/2 Somersault 1 1/2 Twist Free,2.40,41.82,61.20,242,42.00,66.00,2031,
5233D,10M,Back 1 1/2 Somersault 1 1/2 Twist Free,2.40,37.60,42.00,3,42.58,60.00,83,
5235D,1M,Back 1 1/2 Somersault 2 1/2 Twist Free,2.90,48.67,69.60,223,49.62,85.55,1880,
5235D,3M,Back 1 1/2 Somersault 2 1/2 Twist Free,2.80,48.55,78.40,2459,47.69,84.00,16682,
5235D,5M,Back 1 1/2 Somersault 2 1/2 Twist Free,2.90,52.32,73.95,40,54.56,79.75,281,
5235D,7M,Back 1 1/2 Somersault 2 1/2 Twist Free,2.80,51.25,71.40,115,50.61,82.60,1031,
5235D,10M,Back 1 1/2 Somersault 2 1/2 Twist Free,2.80,53.01,74.20,164,52.39,77.00,1467,
5237D,1M,Back 1 1/2 Somersault 3 1/2 Twist Free,3.40,0.00,0.00,0,49.30,49.30,1,
5237D,3M,Back 1 1/2 Somersault 3 1/2 Twist Free,3.30,53.63,72.60,12,49.16,82.50,102,
5237D,5M,Back 1 1/2 Somersault 3 1/2 Twist Free,3.40,0.00,0.00,0,0.00,0.00,0,
5237D,7M,Back 1 1/2 Somersault 3 1/2 Twist Free,3.30,0.00,0.00,0,67.65,79.20,2,
5237D,10M,Back 1 1/2 Somersault 3 1/2 Twist Free,3.30,69.31,97.35,61,61.84,97.35,544,
5239D,3M,Back 1 1/2 Somersault 4 1/2 Twist Free,3.70,0.00,0.00,0,0.00,0.00,0,
5239D,5M,Back 1 1/2 Somersault 4 1/2 Twist Free,3.80,0.00,0.00,0,0.00,0.00,0,
5239D,7M,Back 1 1/2 Somersault 4 1/2 Twist Free,3.70,0.00,0.00,0,0.00,0.00,0,
5239D,10M,Back 1 1/2 Somersault 4 1/2 Twist Free,3.70,0.00,0.00,0,59.96,81.40,15,
5241C,1M,Back 2 Somersault 1/2 Twist Tuck,2.60,35.10,40.30,3,32.01,54.60,20,
5242B,3M,Back 2 Somersault 1 Twist Pike,2.70,0.00,0.00,0,0.00,0.00,0,
5244B,10M,Back 2 Somersault 2 Twist Pike,3.20,52.00,54.40,2,52.00,54.40,2,
5246B,10M,Back 2 Somersault 3 Twist Pike,3.80,68.40,77.90,2,68.40,77.90,2,
5251B,1M,Back 2 1/2 Somersault 1/2 Twist Pike,2.90,0.00,0.00,0,0.00,0.00,0,
5251B,3M,Back 2 1/2 Somersault 1/2 Twist Pike,2.70,41.83,52.65,29,41.99,58.05,162,
5251B,5M,Back 2 1/2 Somersault 1/2 Twist Pike,2.90,0.00,0.00,0,0.00,0.00,0,
5251B,7M,Back 2 1/2 Somersault 1/2 Twist Pike,2.70,47.25,48.60,4,49.06,67.50,30,
5251B,10M,Back 2 1/2 Somersault 1/2 Twist Pike,2.60,48.53,70.20,106,48.76,72.80,703,
5251C,1M,Back 2 1/2 Somersault 1/2 Twist Tuck,2.70,0.00,0.00,0,39.15,58.05,44,
5251C,3M,Back 2 1/2 Somersault 1/2 Twist Tuck,2.50,39.30,52.50,48,36.38,75.00,316,
5251C,5M,Back 2 1/2 Somersault 1/2 Twist Tuck,2.70,36.90,48.60,3,36.66,56.70,36,
5251C,7M,Back 2 1/2 Somersault 1/2 Twist Tuck,2.50,40.42,46.25,6,37.44,55.00,108,
5251C,10M,Back 2 1/2 Somersault 1/2 Twist Tuck,2.40,0.00,0.00,0,31.20,36.00,4,
5252B,1M,Back 2 1/2 Somersault 1 Twist Pike,3.30,0.00,0.00,0,0.00,0.00,0,
5252B,3M,Back 2 1/2 Somersault 1 Twist Pike,3.10,0.00,0.00,0,31.00,31.00,1,
5252B,5M,Back 2 1/2 Somersault 1 Twist Pike,3.30,0.00,0.00,0,0.00,0.00,0,
5252B,7M,Back 2 1/2 Somersault 1 Twist Pike,3.10,0.00,0.00,0,0.00,0.00,0,
5252B,10M,Back 2 1/2 Somersault 1 Twist Pike,3.00,0.00,0.00,0,0.00,0.00,0,
5253B,3M,Back 2 1/2 Somersault 1 1/2 Twist Pike,3.40,62.64,79.56,53,61.42,85.75,635,
5253B,7M,Back 2 1/2 Somersault 1 1/2 Twist Pike,3.30,0.00,0.00,0,61.27,68.25,5,
5253B,10M,Back 2 1/2 Somersault 1 1/2 Twist Pike,3.20,62.91,92.80,945,64.77,102.00,7911,
5253C,3M,Back 2 1/2 Somersault 1 1/2 Twist Tuck,3.20,64.40,70.40,4,45.47,70.40,34,
5253C,7M,Back 2 1/2 Somersault 1 1/2 Twist Tuck,3.10,0.00,0.00,0,64.35,69.30,2,
5253C,10M,Back 2 1/2 Somersault 1 1/2 Twist Tuck,3.00,0.00,0.00,0,57.14,79.50,65,
5255B,3M,Back 2 1/2 Somersault 2 1/2 Twist Pike,3.80,0.00,0.00,0,0.00,0.00,0,
5255B,10M,Back 2 1/2 Somersault 2 1/2 Twist Pike,3.60,71.37,102.60,111,78.35,108.30,1152,
5255C,3M,Back 2 1/2 Somersault 2 1/2 Twist Tuck,3.60,0.00,0.00,0,0.00,0.00,0,
5255C,10M,Back 2 1/2 Somersault 2 1/2 Twist Tuck,3.40,0.00,0.00,0,63.00,66.60,2,
5257B,10M,Back 2 1/2 Somersault 3 1/2 Twist Pike,4.10,0.00,0.00,0,0.00,0.00,0,
5257C,10M,Back 2 1/2 Somersault 3 1/2 Twist Tuck,3.90,0.00,0.00,0,0.00,0.00,0,
5271B,10M,Back 3 1/2 Somersault 1/2 Twist Pike,3.20,0.00,0.00,0,0.00,0.00,0,
5271C,10M,Back 3 1/2 Somersault 1/2 Twist Tuck,2.90,44.23,44.95,2,48.82,65.25,18,
5273B,10M,Back 3 1/2 Somersault 1 1/2 Twist Pike,3.80,0.00,0.00,0,0.00,0.00,0,
5273C,10M,Back 3 1/2 Somersault 1 1/2 Twist Tuck,3.50,0.00,0.00,0,0.00,0.00,0,
5275B,10M,Back 3 1/2 Somersault 2 1/2 Twist Pike,4.20,0.00,0.00,0,0.00,0.00,0,
5275C,10M,Back 3 1/2 Somersault 2 1/2 Twist Tuck,3.90,0.00,0.00,0,0.00,0.00,0,
5301A,1M,Reverse Jump 1/2 Twist Straight,1.00,14.71,20.00,85,14.63,23.00,398,
5301A,3M,Reverse Jump 1/2 Twist Straight,1.00,12.38,18.50,80,13.51,22.00,410,
5301A,5M,Reverse Jump 1/2 Twist Straight,1.00,0.00,0.00,0,14.19,18.00,8,
5301A,7M,Reverse Jump 1/2 Twist Straight,1.00,0.00,0.00,0,0.00,0.00,0,
5301A,10M,Reverse Jump 1/2 Twist Straight,1.00,0.00,0.00,0,0.00,0.00,0,
5303A,1M,Reverse Jump 1 1/2 Twist Straight,1.00,15.50,15.50,1,15.00,15.50,2,
5303A,3M,Reverse Jump 1 1/2 Twist Straight,1.00,0.00,0.00,0,18.67,20.50,3,
5303A,5M,Reverse Jump 1 1/2 Twist Straight,1.00,0.00,0.00,0,0.00,0.00,0,
5303A,7M,Reverse Jump 1 1/2 Twist Straight,1.00,0.00,0.00,0,0.00,0.00,0,
5303A,10M,Reverse Jump 1 1/2 Twist Straight,1.00,0.00,0.00,0,0.00,0.00,0,
5303B,1M,Reverse Jump 1 1/2 Twist Pike,1.00,0.00,0.00,0,0.00,0.00,0,
5303B,3M,Reverse Jump 1 1/2 Twist Pike,1.00,0.00,0.00,0,0.00,0.00,0,
5303B,5M,Reverse Jump 1 1/2 Twist Pike,1.00,0.00,0.00,0,0.00,0.00,0,
5303B,7M,Reverse Jump 1 1/2 Twist Pike,1.00,0.00,0.00,0,0.00,0.00,0,
5303B,10M,Reverse Jump 1 1/2 Twist Pike,1.00,0.00,0.00,0,0.00,0.00,0,
5303C,1M,Reverse Jump 1 1/2 Twist Tuck,1.00,0.00,0.00,0,0.00,0.00,0,
5303C,3M,Reverse Jump 1 1/2 Twist Tuck,1.00,0.00,0.00,0,0.00,0.00,0,
5303C,5M,Reverse Jump 1 1/2 Twist Tuck,1.00,0.00,0.00,0,0.00,0.00,0,
5303C,7M,Reverse Jump 1 1/2 Twist Tuck,1.00,0.00,0.00,0,0.00,0.00,0,
5303C,10M,Reverse Jump 1 1/2 Twist Tuck,1.00,0.00,0.00,0,0.00,0.00,0,
5305A,1M,Reverse Jump 2 1/2 Twist Straight,1.00,0.00,0.00,0,0.00,0.00,0,
5305A,3M,Reverse Jump 2 1/2 Twist Straight,1.00,0.00,0.00,0,0.00,0.00,0,
5305A,5M,Reverse Jump 2 1/2 Twist Straight,1.00,0.00,0.00,0,0.00,0.00,0,
5305A,7M,Reverse Jump 2 1/2 Twist Straight,1.00,0.00,0.00,0,0.00,0.00,0,
5305A,10M,Reverse Jump 2 1/2 Twist Straight,1.00,0.00,0.00,0,0.00,0.00,0,
5305B,1M,Reverse Jump 2 1/2 Twist Pike,1.00,0.00,0.00,0,0.00,0.00,0,
5305B,3M,Reverse Jump 2 1/2 Twist Pike,1.00,0.00,0.00,0,0.00,0.00,0,
5305B,5M,Reverse Jump 2 1/2 Twist Pike,1.00,0.00,0.00,0,0.00,0.00,0,
5305B,7M,Reverse Jump 2 1/2 Twist Pike,1.00,0.00,0.00,0,0.00,0.00,0,
5305B,10M,Reverse Jump 2 1/2 Twist Pike,1.00,0.00,0.00,0,0.00,0.00,0,
5305C,1M,Reverse Jump 2 1/2 Twist Tuck,1.00,0.00,0.00,0,0.00,0.00,0,
5305C,3M,Reverse Jump 2 1/2 Twist Tuck,1.00,0.00,0.00,0,0.00,0.00,0,
5305C,5M,Reverse Jump 2 1/2 Twist Tuck,1.00,0.00,0.00,0,0.00,0.00,0,
5305C,7M,Reverse Jump 2 1/2 Twist Tuck,1.00,0.00,0.00,0,0.00,0.00,0,
5305C,10M,Reverse Jump 2 1/2 Twist Tuck,1.00,0.00,0.00,0,0.00,0.00,0,
5311A,1M,Reverse Dive 1/2 Twist Straight,1.90,30.33,44.65,14,30.93,47.50,119,
5311A,3M,Reverse Dive 1/2 Twist Straight,2.10,36.28,50.40,9,35.51,51.45,105,
5311A,5M,Reverse Dive 1/2 Twist Straight,1.90,39.90,39.90,1,35.53,47.31,18,
5311A,7M,Reverse Dive 1/2 Twist Straight,2.10,0.00,0.00,0,41.42,50.40,9,
5311A,10M,Reverse Dive 1/2 Twist Straight,2.10,0.00,0.00,0,0.00,0.00,0,
5311B,1M,Reverse Dive 1/2 Twist Pike,1.80,0.00,0.00,0,0.00,0.00,1,
5311B,3M,Reverse Dive 1/2 Twist Pike,2.00,0.00,0.00,0,0.00,0.00,0,
5311B,5M,Reverse Dive 1/2 Twist Pike,1.80,0.00,0.00,0,0.00,0.00,0,
5311B,7M,Reverse Dive 1/2 Twist Pike,2.00,0.00,0.00,0,0.00,0.00,0,
5311B,10M,Reverse Dive 1/2 Twist Pike,2.00,0.00,0.00,0,0.00,0.00,0,
5311C,1M,Reverse Dive 1/2 Twist Tuck,1.70,17.85,17.85,1,17.85,17.85,1,
5311C,3M,Reverse Dive 1/2 Twist Tuck,1.90,9.50,9.50,1,18.53,27.55,2,
5311C,5M,Reverse Dive 1/2 Twist Tuck,1.70,0.00,0.00,0,0.00,0.00,0,
5311C,7M,Reverse Dive 1/2 Twist Tuck,1.90,0.00,0.00,0,0.00,0.00,0,
5311C,10M,Reverse Dive 1/2 Twist Tuck,1.90,0.00,0.00,0,0.00,0.00,0,
5312A,1M,Reverse Dive 1 Twist Straight,2.10,0.00,0.00,0,34.18,47.25,9,
5312A,3M,Reverse Dive 1 Twist Straight,2.30,0.00,0.00,0,36.08,41.40,8,
5312A,5M,Reverse Dive 1 Twist Straight,2.10,0.00,0.00,0,0.00,0.00,0,
5312A,7M,Reverse Dive 1 Twist Straight,2.30,0.00,0.00,0,0.00,0.00,0,
5312A,10M,Reverse Dive 1 Twist Straight,2.30,0.00,0.00,0,0.00,0.00,0,
5313A,1M,Reverse Dive 1 1/2 Twist Straight,2.50,25.00,25.00,1,35.42,55.00,6,
5321D,1M,Reverse 1 Somersault 1/2 Twist Free,1.80,18.48,32.40,82,20.40,38.70,505,
5321D,3M,Reverse 1 Somersault 1/2 Twist Free,1.90,20.11,38.00,115,20.09,52.44,833,
5321D,5M,Reverse 1 Somersault 1/2 Twist Free,1.80,22.68,27.90,5,23.40,33.30,10,
5321D,7M,Reverse 1 Somersault 1/2 Twist Free,1.90,0.00,0.00,0,0.00,0.00,1,
5321D,10M,Reverse 1 Somersault 1/2 Twist Free,2.00,0.00,0.00,0,0.00,0.00,0,
5322D,1M,Reverse 1 Somersault 1 Twist Free,2.00,29.67,36.00,3,22.32,37.00,25,
5322D,3M,Reverse 1 Somersault 1 Twist Free,2.10,10.50,10.50,1,19.95,29.40,2,
5322D,5M,Reverse 1 Somersault 1 Twist Free,2.00,0.00,0.00,0,0.00,0.00,1,
5322D,7M,Reverse 1 Somersault 1 Twist Free,2.10,0.00,0.00,0,0.00,0.00,0,
5322D,10M,Reverse 1 Somersault 1 Twist Free,2.20,0.00,0.00,0,0.00,0.00,0,
5323D,1M,Reverse 1 Somersault 1 1/2 Twist Free,2.40,36.75,54.00,35,36.79,58.32,224,
5323D,3M,Reverse 1 Somersault 1 1/2 Twist Free,2.50,0.00,0.00,0,40.00,40.00,1,
5323D,5M,Reverse 1 Somersault 1 1/2 Twist Free,2.40,0.00,0.00,0,0.00,0.00,0,
5323D,7M,Reverse 1 Somersault 1 1/2 Twist Free,2.50,0.00,0.00,0,0.00,0.00,0,
5323D,10M,Reverse 1 Somersault 1 1/2 Twist Free,2.60,0.00,0.00,0,0.00,0.00,0,
5324D,1M,Reverse 1 Somersault 2 Twist Free,2.40,0.00,0.00,0,0.00,0.00,0,
5325D,1M,Reverse 1 Somersault 2 1/2 Twist Free,2.80,44.83,65.80,24,40.88,65.80,155,
5325D,3M,Reverse 1 Somersault 2 1/2 Twist Free,2.90,0.00,0.00,0,52.20,52.20,1,
5325D,5M,Reverse 1 Somersault 2 1/2 Twist Free,2.80,0.00,0.00,0,0.00,0.00,0,
5325D,7M,Reverse 1 Somersault 2 1/2 Twist Free,2.90,0.00,0.00,0,0.00,0.00,0,
5325D,10M,Reverse 1 Somersault 2 1/2 Twist Free,3.00,0.00,0.00,0,0.00,0.00,0,
5327D,1M,Reverse 1 Somersault 3 1/2 Twist Free,3.40,43.07,47.60,3,40.96,47.60,4,
5327D,3M,Reverse 1 Somersault 3 1/2 Twist Free,3.50,0.00,0.00,0,0.00,0.00,0,
5331D,1M,Reverse 1 1/2 Somersault 1/2 Twist Free,2.20,37.77,57.20,281,37.29,66.00,1773,
5331D,3M,Reverse 1 1/2 Somersault 1/2 Twist Free,2.10,34.83,52.50,170,35.96,63.00,1406,
5331D,5M,Reverse 1 1/2 Somersault 1/2 Twist Free,2.20,0.00,0.00,0,27.50,27.50,1,
5331D,7M,Reverse 1 1/2 Somersault 1/2 Twist Free,2.10,0.00,0.00,0,43.05,51.45,7,
5331D,10M,Reverse 1 1/2 Somersault 1/2 Twist Free,2.10,44.10,47.25,2,43.26,57.75,48,
5333D,1M,Reverse 1 1/2 Somersault 1 1/2 Twist Free,2.60,47.09,70.20,1058,46.38,75.40,7793,
5333D,3M,Reverse 1 1/2 Somersault 1 1/2 Twist Free,2.50,43.30,62.50,495,42.25,72.50,3085,
5333D,5M,Reverse 1 1/2 Somersault 1 1/2 Twist Free,2.60,0.00,0.00,0,0.00,0.00,2,
5333D,7M,Reverse 1 1/2 Somersault 1 1/2 Twist Free,2.50,0.00,0.00,0,0.00,0.00,0,
5333D,10M,Reverse 1 1/2 Somersault 1 1/2 Twist Free,2.50,0.00,0.00,0,51.25,58.75,4,
5335D,1M,Reverse 1 1/2 Somersault 2 1/2 Twist Free,3.00,56.37,81.00,524,55.82,90.00,4445,
5335D,3M,Reverse 1 1/2 Somersault 2 1/2 Twist Free,2.90,50.84,76.85,792,50.99,87.00,6624,
5335D,5M,Reverse 1 1/2 Somersault 2 1/2 Twist Free,3.00,0.00,0.00,0,0.00,0.00,0,
5335D,7M,Reverse 1 1/2 Somersault 2 1/2 Twist Free,2.90,0.00,0.00,0,0.00,0.00,0,
5335D,10M,Reverse 1 1/2 Somersault 2 1/2 Twist Free,2.90,0.00,0.00,0,42.29,53.65,6,
5337D,1M,Reverse 1 1/2 Somersault 3 1/2 Twist Free,3.60,75.27,95.40,11,70.86,95.40,56,
5337D,3M,Reverse 1 1/2 Somersault 3 1/2 Twist Free,3.50,68.51,105.00,395,64.46,105.00,1561,
5337D,5M,Reverse 1 1/2 Somersault 3 1/2 Twist Free,3.50,0.00,0.00,0,0.00,0.00,0,
5337D,7M,Reverse 1 1/2 Somersault 3 1/2 Twist Free,3.40,0.00,0.00,0,0.00,0.00,0,
5337D,10M,Reverse 1 1/2 Somersault 3 1/2 Twist Free,3.40,0.00,0.00,0,65.28,81.60,5,
5339D,3M,Reverse 1 1/2 Somersault 4 1/2 Twist Free,3.80,74.10,74.10,1,74.10,74.10,1,
5339D,7M,Reverse 1 1/2 Somersault 4 1/2 Twist Free,3.80,0.00,0.00,0,0.00,0.00,0,
5339D,10M,Reverse 1 1/2 Somersault 4 1/2 Twist Free,3.80,0.00,0.00,0,0.00,0.00,0,
5342B,10M,Reverse 2 Somersault 1 Twist Pike,2.90,0.00,0.00,0,0.00,0.00,0,
5342C,1M,Reverse 2 Somersault 1 Twist Tuck,2.70,0.00,0.00,0,0.00,0.00,0,
5342C,10M,Reverse 2 Somersault 1 Twist Tuck,2.60,0.00,0.00,0,44.20,44.20,1,
5343C,3M,Reverse 2 Somersault 1 1/2 Twist Tuck,2.90,0.00,0.00,0,40.60,40.60,1,
5351B,1M,Reverse 2 1/2 Somersault 1/2 Twist Pike,2.90,0.00,0.00,0,36.98,42.05,2,
5351B,3M,Reverse 2 1/2 Somersault 1/2 Twist Pike,2.70,44.55,44.55,1,40.48,60.75,41,
5351B,5M,Reverse 2 1/2 Somersault 1/2 Twist Pike,3.00,0.00,0.00,0,0.00,0.00,0,
5351B,7M,Reverse 2 1/2 Somersault 1/2 Twist Pike,2.80,0.00,0.00,0,0.00,0.00,0,
5351B,10M,Reverse 2 1/2 Somersault 1/2 Twist Pike,2.70,0.00,0.00,0,0.00,0.00,0,
5351C,1M,Reverse 2 1/2 Somersault 1/2 Twist Tuck,2.70,43.88,59.40,4,42.37,60.75,39,
5351C,3M,Reverse 2 1/2 Somersault 1/2 Twist Tuck,2.50,0.00,0.00,0,37.00,48.75,54,
5351C,5M,Reverse 2 1/2 Somersault 1/2 Twist Tuck,2.80,0.00,0.00,0,0.00,0.00,0,
5351C,7M,Reverse 2 1/2 Somersault 1/2 Twist Tuck,2.60,0.00,0.00,0,33.75,33.75,1,
5351C,10M,Reverse 2 1/2 Somersault 1/2 Twist Tuck,2.50,0.00,0.00,0,0.00,0.00,0,
5353B,1M,Reverse 2 1/2 Somersault 1 1/2 Twist Pike,3.50,0.00,0.00,0,0.00,0.00,0,
5353B,3M,Reverse 2 1/2 Somersault 1 1/2 Twist Pike,3.30,63.43,84.15,80,66.51,99.75,2215,
5353B,7M,Reverse 2 1/2 Somersault 1 1/2 Twist Pike,3.40,0.00,0.00,0,0.00,0.00,0,
5353B,10M,Reverse 2 1/2 Somersault 1 1/2 Twist Pike,3.30,0.00,0.00,0,27.77,83.30,3,
5353C,1M,Reverse 2 1/2 Somersault 1 1/2 Twist Tuck,3.30,0.00,0.00,0,54.46,71.75,15,
5353C,3M,Reverse 2 1/2 Somersault 1 1/2 Twist Tuck,3.10,52.18,52.70,3,55.96,84.15,151,
5353C,5M,Reverse 2 1/2 Somersault 1 1/2 Twist Tuck,3.40,0.00,0.00,0,0.00,0.00,0,
5353C,7M,Reverse 2 1/2 Somersault 1 1/2 Twist Tuck,3.20,0.00,0.00,0,0.00,0.00,0,
5353C,10M,Reverse 2 1/2 Somersault 1 1/2 Twist Tuck,3.10,0.00,0.00,0,0.00,0.00,0,
5355B,1M,Reverse 2 1/2 Somersault 2 1/2 Twist Pike,3.90,0.00,0.00,0,0.00,0.00,0,
5355B,3M,Reverse 2 1/2 Somersault 2 1/2 Twist Pike,3.70,0.00,0.00,0,73.03,99.45,19,
5355B,7M,Reverse 2 1/2 Somersault 2 1/2 Twist Pike,3.80,0.00,0.00,0,0.00,0.00,0,
5355B,10M,Reverse 2 1/2 Somersault 2 1/2 Twist Pike,3.70,0.00,0.00,0,0.00,0.00,0,
5355C,1M,Reverse 2 1/2 Somersault 2 1/2 Twist Tuck,3.70,0.00,0.00,0,0.00,0.00,0,
5355C,3M,Reverse 2 1/2 Somersault 2 1/2 Twist Tuck,3.50,0.00,0.00,0,0.00,0.00,0,
5355C,5M,Reverse 2 1/2 Somersault 2 1/2 Twist Tuck,3.80,0.00,0.00,0,0.00,0.00,0,
5355C,7M,Reverse 2 1/2 Somersault 2 1/2 Twist Tuck,3.60,0.00,0.00,0,0.00,0.00,0,
5355C,10M,Reverse 2 1/2 Somersault 2 1/2 Twist Tuck,3.50,0.00,0.00,0,0.00,0.00,0,
5371B,3M,Reverse 3 1/2 Somersault 1/2 Twist Pike,3.40,0.00,0.00,0,0.00,0.00,0,
5371B,10M,Reverse 3 1/2 Somersault 1/2 Twist Pike,3.30,0.00,0.00,0,0.00,0.00,0,
5371C,3M,Reverse 3 1/2 Somersault 1/2 Twist Tuck,3.10,29.45,29.45,1,34.10,51.15,3,
5371C,10M,Reverse 3 1/2 Somersault 1/2 Twist Tuck,3.00,0.00,0.00,0,0.00,0.00,0,
5373C,3M,Reverse 3 1/2 Somersault 1 1/2 Twist Tuck,3.70,0.00,0.00,0,0.00,0.00,0,
5373C,10M,Reverse 3 1/2 Somersault 1 1/2 Twist Tuck,3.60,0.00,0.00,0,0.00,0.00,0,
5375C,3M,Reverse 3 1/2 Somersault 2 1/2 Twist Tuck,4.10,0.00,0.00,0,0.00,0.00,0,
5375C,10M,Reverse 3 1/2 Somersault 2 1/2 Twist Tuck,4.00,0.00,0.00,0,0.00,0.00,0,
5411A,1M,Inward Dive 1/2 Twist Straight,2.00,27.00,27.00,1,34.08,50.00,30,
5411A,3M,Inward Dive 1/2 Twist Straight,1.90,19.27,29.45,7,28.04,47.50,33,
5411A,5M,Inward Dive 1/2 Twist Straight,2.00,0.00,0.00,0,38.00,38.00,1,
5411A,7M,Inward Dive 1/2 Twist Straight,1.90,0.00,0.00,0,18.50,18.50,1,
5411A,10M,Inward Dive 1/2 Twist Straight,1.90,0.00,0.00,0,0.00,0.00,0,
5411B,1M,Inward Dive 1/2 Twist Pike,1.70,17.00,29.75,20,19.79,35.70,134,
5411B,3M,Inward Dive 1/2 Twist Pike,1.60,17.62,32.00,105,18.06,45.60,651,
5411B,5M,Inward Dive 1/2 Twist Pike,1.70,18.70,28.90,6,20.73,33.15,26,
5411B,7M,Inward Dive 1/2 Twist Pike,1.60,0.00,0.00,0,0.00,0.00,0,
5411B,10M,Inward Dive 1/2 Twist Pike,1.60,0.00,0.00,0,26.40,26.40,1,
5411C,1M,Inward Dive 1/2 Twist Tuck,1.60,15.20,27.20,3,19.86,33.60,47,
5411C,3M,Inward Dive 1/2 Twist Tuck,1.50,15.50,29.25,12,16.11,30.00,142,
5411C,5M,Inward Dive 1/2 Twist Tuck,1.60,0.00,0.00,0,20.13,32.80,6,
5411C,7M,Inward Dive 1/2 Twist Tuck,1.50,0.00,0.00,0,0.00,0.00,0,
5411C,10M,Inward Dive 1/2 Twist Tuck,1.50,0.00,0.00,0,0.00,0.00,0,
5412A,1M,Inward Dive 1 Twist Straight,2.20,48.03,53.90,3,51.92,59.40,15,
5412A,3M,Inward Dive 1 Twist Straight,2.10,0.00,0.00,0,0.00,0.00,0,
5412A,5M,Inward Dive 1 Twist Straight,2.20,0.00,0.00,0,0.00,0.00,0,
5412A,7M,Inward Dive 1 Twist Straight,2.10,0.00,0.00,0,0.00,0.00,0,
5412A,10M,Inward Dive 1 Twist Straight,2.10,0.00,0.00,0,0.00,0.00,0,
5412B,1M,Inward Dive 1 Twist Pike,1.90,20.90,20.90,1,22.33,23.75,2,
5412B,3M,Inward Dive 1 Twist Pike,1.80,17.10,17.10,1,17.55,18.00,2,
5412B,5M,Inward Dive 1 Twist Pike,1.90,0.00,0.00,0,0.00,0.00,0,
5412B,7M,Inward Dive 1 Twist Pike,1.80,0.00,0.00,0,0.00,0.00,0,
5412B,10M,Inward Dive 1 Twist Pike,1.80,0.00,0.00,0,0.00,0.00,0,
5412C,1M,Inward Dive 1 Twist Tuck,1.80,0.00,0.00,0,0.00,0.00,0,
5412C,3M,Inward Dive 1 Twist Tuck,1.70,0.00,0.00,0,0.00,0.00,0,
5412C,5M,Inward Dive 1 Twist Tuck,1.80,0.00,0.00,0,0.00,0.00,0,
5412C,7M,Inward Dive 1 Twist Tuck,1.70,0.00,0.00,0,0.00,0.00,0,
5412C,10M,Inward Dive 1 Twist Tuck,1.70,0.00,0.00,0,0.00,0.00,0,
5413A,1M,Inward Dive 1 1/2 Twist Straight,2.60,0.00,0.00,0,29.03,52.00,3,
5413A,3M,Inward Dive 1 1/2 Twist Straight,2.50,0.00,0.00,0,0.00,0.00,0,
5421D,1M,Inward 1 Somersault 1/2 Twist Free,1.90,18.29,31.35,4,22.20,34.20,27,
5421D,3M,Inward 1 Somersault 1/2 Twist Free,1.70,13.03,23.80,3,16.72,28.05,12,
5421D,5M,Inward 1 Somersault 1/2 Twist Free,1.90,0.00,0.00,0,0.00,0.00,0,
5421D,7M,Inward 1 Somersault 1/2 Twist Free,1.70,0.00,0.00,0,0.00,0.00,0,
5421D,10M,Inward 1 Somersault 1/2 Twist Free,1.80,0.00,0.00,0,30.60,30.60,1,
5422D,1M,Inward 1 Somersault 1 Twist Free,2.10,31.50,31.50,1,22.23,31.50,6,
5422D,3M,Inward 1 Somersault 1 Twist Free,1.90,0.00,0.00,0,26.60,26.60,1,
5422D,5M,Inward 1 Somersault 1 Twist Free,2.10,0.00,0.00,0,0.00,0.00,1,
5422D,7M,Inward 1 Somersault 1 Twist Free,1.90,0.00,0.00,0,20.90,20.90,1,
5422D,10M,Inward 1 Somersault 1 Twist Free,2.00,0.00,0.00,0,0.00,0.00,0,
5424D,3M,Inward 1 Somersault 2 Twist Free,2.30,0.00,0.00,0,31.05,31.05,1,
5426D,1M,Inward 1 Somersault 3 Twist Free,3.20,0.00,0.00,0,27.20,27.20,1,
5431D,1M,Inward 1 1/2 Somersault 1/2 Twist Free,2.70,0.00,0.00,0,0.00,0.00,0,
5431D,3M,Inward 1 1/2 Somersault 1/2 Twist Free,2.40,22.80,22.80,1,29.75,45.60,24,
5432D,1M,Inward 1 1/2 Somersault 1 Twist Free,2.70,0.00,0.00,0,37.46,43.20,4,
5432D,3M,Inward 1 1/2 Somersault 1 Twist Free,2.40,38.00,40.80,3,44.44,72.00,53,
5432D,5M,Inward 1 1/2 Somersault 1 Twist Free,2.70,0.00,0.00,0,0.00,0.00,0,
5432D,7M,Inward 1 1/2 Somersault 1 Twist Free,2.40,0.00,0.00,0,0.00,0.00,0,
5432D,10M,Inward 1 1/2 Somersault 1 Twist Free,2.30,0.00,0.00,0,0.00,0.00,0,
5434D,1M,Inward 1 1/2 Somersault 2 Twist Free,3.10,40.30,41.85,2,45.47,54.25,6,
5434D,3M,Inward 1 1/2 Somersault 2 Twist Free,2.80,0.00,0.00,0,44.16,57.40,11,
5434D,5M,Inward 1 1/2 Somersault 2 Twist Free,3.10,0.00,0.00,0,0.00,0.00,0,
5434D,7M,Inward 1 1/2 Somersault 2 Twist Free,2.80,0.00,0.00,0,0.00,0.00,0,
5434D,10M,Inward 1 1/2 Somersault 2 Twist Free,2.70,0.00,0.00,0,0.00,0.00,0,
5436D,3M,Inward 1 1/2 Somersault 3 Twist Free,3.50,0.00,0.00,0,0.00,0.00,0,
5436D,10M,Inward 1 1/2 Somersault 3 Twist Free,3.40,0.00,0.00,0,0.00,0.00,0,
6111A,1M,Armstand Forward 1/2 Somersault 1/2 Twist Straight,1.00,0.00,0.00,0,0.00,0.00,0,
6111A,3M,Armstand Forward 1/2 Somersault 1/2 Twist Straight,1.00,0.00,0.00,0,0.00,0.00,0,
6111A,5M,Armstand Forward 1/2 Somersault 1/2 Twist Straight,1.90,0.00,0.00,0,0.00,0.00,0,
6111A,7M,Armstand Forward 1/2 Somersault 1/2 Twist Straight,2.10,0.00,0.00,0,0.00,0.00,0,
6111A,10M,Armstand Forward 1/2 Somersault 1/2 Twist Straight,2.10,0.00,0.00,0,0.00,0.00,0,
6122D,5M,Armstand Forward 1 Somersault 1 Twist Free,2.40,0.00,0.00,0,0.00,0.00,0,
6122D,7M,Armstand Forward 1 Somersault 1 Twist Free,2.50,0.00,0.00,0,0.00,0.00,0,
6122D,10M,Armstand Forward 1 Somersault 1 Twist Free,2.60,0.00,0.00,0,0.00,0.00,0,
6124D,5M,Armstand Forward 1 Somersault 2 Twist Free,2.70,0.00,0.00,0,0.00,0.00,0,
6124D,7M,Armstand Forward 1 Somersault 2 Twist Free,2.80,0.00,0.00,0,0.00,0.00,0,
6124D,10M,Armstand Forward 1 Somersault 2 Twist Free,2.90,0.00,0.00,0,0.00,0.00,0,
6142D,5M,Armstand Forward 2 Somersault 1 Twist Free,3.20,0.00,0.00,0,0.00,0.00,0,
6142D,7M,Armstand Forward 2 Somersault 1 Twist Free,3.00,0.00,0.00,0,0.00,0.00,0,
6142D,10M,Armstand Forward 2 Somersault 1 Twist Free,3.10,57.06,83.70,96,58.23,83.70,805,
6144D,5M,Armstand Forward 2 Somersault 2 Twist Free,3.50,0.00,0.00,0,0.00,0.00,0,
6144D,7M,Armstand Forward 2 Somersault 2 Twist Free,3.30,0.00,0.00,0,0.00,0.00,0,
6144D,10M,Armstand Forward 2 Somersault 2 Twist Free,3.40,0.00,0.00,0,57.80,66.30,3,
6162C,10M,Armstand Forward 3 Somersault 1 Twist Tuck,3.90,0.00,0.00,0,0.00,0.00,0,
6211A,1M,Armstand Back 1/2 Somersault 1/2 Twist Straight,1.00,0.00,0.00,0,0.00,0.00,0,
6211A,3M,Armstand Back 1/2 Somersault 1/2 Twist Straight,1.00,0.00,0.00,0,0.00,0.00,0,
6211A,5M,Armstand Back 1/2 Somersault 1/2 Twist Straight,1.00,0.00,0.00,0,0.00,0.00,0,
6211A,7M,Armstand Back 1/2 Somersault 1/2 Twist Straight,1.00,0.00,0.00,0,0.00,0.00,0,
6211A,10M,Armstand Back 1/2 Somersault 1/2 Twist Straight,1.00,0.00,0.00,0,0.00,0.00,0,
6221D,5M,Armstand Back 1 Somersault 1/2 Twist Free,1.60,21.52,28.00,10,21.82,35.20,58,
6221D,7M,Armstand Back 1 Somersault 1/2 Twist Free,1.70,0.00,0.00,0,22.10,22.10,1,
6221D,10M,Armstand Back 1 Somersault 1/2 Twist Free,1.80,22.50,22.50,1,22.50,22.50,1,
6223D,5M,Armstand Back 1 Somersault 1 1/2 Twist Free,2.50,0.00,0.00,0,32.08,41.25,3,
6232D,5M,Armstand Back 1 1/2 Somersault 1 Twist Free,2.80,0.00,0.00,0,36.40,36.40,1,
6241B,5M,Armstand Back 2 Somersault 1/2 Twist Pike,2.80,0.00,0.00,0,0.00,0.00,1,
6241B,7M,Armstand Back 2 Somersault 1/2 Twist Pike,2.60,44.63,50.70,3,40.13,58.50,34,
6241B,10M,Armstand Back 2 Somersault 1/2 Twist Pike,2.70,46.25,64.80,122,45.73,72.90,1112,
6241C,5M,Armstand Back 2 Somersault 1/2 Twist Tuck,2.50,0.00,0.00,0,0.00,0.00,0,
6241C,7M,Armstand Back 2 Somersault 1/2 Twist Tuck,2.30,0.00,0.00,0,14.95,14.95,1,
6241C,10M,Armstand Back 2 Somersault 1/2 Twist Tuck,2.40,32.40,32.40,1,32.40,32.40,1,
6241D,5M,Armstand Back 2 Somersault 1/2 Twist Free,2.50,0.00,0.00,0,0.00,0.00,0,
6241D,7M,Armstand Back 2 Somersault 1/2 Twist Free,2.30,0.00,0.00,0,0.00,0.00,0,
6241D,10M,Armstand Back 2 Somersault 1/2 Twist Free,2.40,0.00,0.00,0,37.94,46.80,21,
6243D,5M,Armstand Back 2 Somersault 1 1/2 Twist Free,3.30,0.00,0.00,0,0.00,0.00,0,
6243D,7M,Armstand Back 2 Somersault 1 1/2 Twist Free,3.10,0.00,0.00,0,27.90,27.90,1,
6243D,10M,Armstand Back 2 Somersault 1 1/2 Twist Free,3.20,58.74,88.00,475,59.09,96.00,3893,
6245D,5M,Armstand Back 2 Somersault 2 1/2 Twist Free,3.70,0.00,0.00,0,0.00,0.00,0,
6245D,7M,Armstand Back 2 Somersault 2 1/2 Twist Free,3.50,0.00,0.00,0,0.00,0.00,0,
6245D,10M,Armstand Back 2 Somersault 2 1/2 Twist Free,3.60,68.69,93.60,94,70.90,100.80,513,
6247D,10M,Armstand Back 2 Somersault 3 1/2 Twists Free,4.00,0.00,0.00,0,0.00,0.00,0,
6261B,5M,Armstand Back 3 Somersault 1/2 Twist Pike,3.60,0.00,0.00,0,0.00,0.00,0,
6261B,7M,Armstand Back 3 Somersault 1/2 Twist Pike,3.20,0.00,0.00,0,0.00,0.00,0,
6261B,10M,Armstand Back 3 Somersault 1/2 Twist Pike,3.40,0.00,0.00,0,0.00,0.00,0,
6261C,5M,Armstand Back 3 Somersault 1/2 Twist Tuck,3.40,0.00,0.00,0,0.00,0.00,0,
6261C,7M,Armstand Back 3 Somersault 1/2 Twist Tuck,3.00,0.00,0.00,0,0.00,0.00,0,
6261C,10M,Armstand Back 3 Somersault 1/2 Twist Tuck,3.20,0.00,0.00,0,0.00,0.00,0,
6263B,10M,Armstand Back 3 Somersault 1 1/2 Twists Pike,4.20,0.00,0.00,0,0.00,0.00,0,
6263C,10M,Armstand Back 3 Somersault 1 1/2 Twists Tuck,4.00,0.00,0.00,0,0.00,0.00,0,
6265B,10M,Armstand Back 3 Somersault 2 1/2 Twists Pike,4.60,0.00,0.00,0,0.00,0.00,0,
6265C,10M,Armstand Back 3 Somersault 2 1/2 Twists Tuck,4.40,0.00,0.00,0,0.00,0.00,0,
